Rio Grande do Sul | Todos os Munic&iacute;pios
Munic&iacute;pio [-],C&oacute;digo [-],Gent&iacute;lico [-],Prefeito [2021],&Aacute;rea Territorial - km&sup2; [2020],Popula&ccedil;&atilde;o estimada - pessoas [2020],Densidade demogr&aacute;fica - hab/km&sup2; [2010],Escolariza&ccedil;&atilde;o &lt;span&gt;6 a 14 anos&lt;/span&gt; - % [2010],IDHM &lt;span&gt;&Iacute;ndice de desenvolvimento humano municipal&lt;/span&gt; [2010],Mortalidade infantil - &oacute;bitos por mil nascidos vivos [2017],Receitas realizadas - R$ (&times;1000) [2017],Despesas empenhadas - R$ (&times;1000) [2017],PIB per capita - R$ [2018],
Acegu&aacute;,4300034,aceguaense,MARCUS VIN&Iacute;CIUS GODOY DE AGUIAR,1551.339,4942,2.84,93.9,0.687,20.41,26548.53375,23549.10968,51069.07,
&Aacute;gua Santa,4300059,&aacute;gua-santense,EDUARDO PICOLOTTO,291.503,3743,12.76,98.5,0.750,69.77,25897.40087,20012.52985,88151.28,
Agudo,4300109,agudense,LUIS HENRIQUE KITTEL,534.624,16401,31.19,96.5,0.694,12.42,63192.46487,51366.67337,30258.08,
Ajuricaba,4300208,ajuricabense,IVAN CHAGAS,322.674,6987,22.44,98.5,0.753,14.71,26396.04314,21630.98289,42299.19,
Alecrim,4300307,alecrinense,ELMO ANASTACIO DULLIUS,316.394,5827,22.38,97.1,0.672,33.90,22917.27603,20554.57376,18159.02,
Alegrete,4300406,alegretense,M&Aacute;RCIO FONSECA DO AMARAL,7800.428,73028,9.95,98.9,0.740,13.51,225019.54108,199319.40583,29467.27,
Alegria,4300455,alegriense,TERESINHA MARCZEWSKI ZAVASKI,172.794,3374,24.91,98.9,0.695,26.32,21841.34483,17891.13949,31929.57,
Almirante Tamandar&eacute; do Sul,4300471,tamandarense,ADIR GIACOMINI,265.042,1949,7.79,100,0.740,41.67,16595.42398,13286.48947,83157.15,
Alpestre,4300505,alpestrense,VALDIR JOS&Eacute; ZASSO,325.979,6067,24.73,98.1,0.671,13.89,50164.46672,39342.56205,76014.58,
Alto Alegre,4300554,alto-alegrense,AVELINO SALVADORI,115.335,1613,16.15,98.1,0.747,47.62,14976.0642,13265.16596,40017.04,
Alto Feliz,4300570,alto-felizense,ROBES SCHNEIDER,78.846,3036,36.84,98.1,0.734,31.25,20197.8141,13761.35301,31143.68,
Alvorada,4300604,alvoradense,JOSE ARNO APPOLO DO AMARAL,71.700,211352,2743.94,95.3,0.699,10.11,358403.06181,290560.43064,12914.08,
Amaral Ferrador,4300638,amaralense,NATANIEL SATIRO DO VAL CANDIA,505.983,7085,12.54,98.3,0.624,17.54,18819.76662,16883.0557,14085.63,
Ametista do Sul,4300646,ametistense,JADIR JOS&Eacute; KOVALESKI,93.704,7403,78.33,100,0.682,25.97,24884.7736,21341.45299,16218.90,
Andr&eacute; da Rocha,4300661,andr&eacute;-rochense,SERGIO CARLOS MORETTI,331.227,1343,3.75,100,0.720,66.67,13615.32263,11441.32315,83234.43,
Anta Gorda,4300703,anta-gordense,FRANCISCO DAVID FRIGHETTO,242.260,5961,25.00,97.8,0.740,17.86,26400.22746,18964.88259,35792.01,
Ant&ocirc;nio Prado,4300802,pradense,ROBERTO JOS&Eacute; DALLE MOLLE,348.132,13045,36.92,98.6,0.758,16.00,52701.15069,39358.59478,46929.32,
Arambar&eacute;,4300851,arambarense,JARDEL MAGALH&Atilde;ES CARDOSO,518.193,3562,7.11,97.2,0.691,24.39,19350.07054,17402.41911,33616.20,
Araric&aacute;,4300877,arariquense,FLAVIO LUIZ FOSS,35.391,5771,137.83,97.3,0.679,10.53,28056.28981,27235.36544,28896.53,
Aratiba,4300901,aratibense,GILBERTO LUIZ HENDGES,342.279,6189,19.17,98.8,0.772,20.00,53325.65805,41529.68031,127640.30,
Arroio do Meio,4301008,arroio-meense,DANILO JOS&Eacute; BRUXEL,157.088,20967,118.91,99.8,0.769,25.64,74592.76921,66199.83998,59080.01,
Arroio do Sal,4301057,arroiossalense,AFFONSO FL&Aacute;VIO ANGST,119.163,10279,64.01,98.6,0.740,16.95,55278.99308,44607.80651,22719.58,
Arroio do Padre,4301073,arroio-padrense,RUI CARLOS PETER,124.693,2951,21.96,97.3,0.669,35.71,15514.87737,12969.97481,15583.92,
Arroio dos Ratos,4301107,ratense,JOS&Eacute; CARLOS GARCIA DE AZEREDO,425.791,14177,31.94,97.6,0.698,5.92,39356.10478,40049.52698,18526.84,
Arroio do Tigre,4301206,arroio-tigrense,MARCIANO RAVANELLO,315.132,13413,39.74,98.2,0.707,6.17,34764.39264,34048.15789,25173.18,
Arroio Grande,4301305,arroio-grandense,IVAN ANTONIO GUEVARA LOPEZ,2508.545,18238,7.35,98.7,0.657,4.55,63823.38841,51641.09274,29608.24,
Arvorezinha,4301404,arvorezinhense,JAIME TALIETTI BORSATTO,270.241,10423,37.64,97.2,0.694,8.77,35872.63932,29425.30867,23846.62,
Augusto Pestana,4301503,augusto-pestanense,DARCI SALLET,348.231,6602,20.42,99.7,0.743,13.16,27924.08095,23858.71507,50680.21,
&Aacute;urea,4301552,aureense,ANTONIO JORGE SLUSSAREK,156.727,3535,23.15,99.1,0.707,58.82,16465.1749,14531.32215,30231.78,
Bag&eacute;,4301602,bageense,DIVALDO VIEIRA LARA,4090.360,121335,28.52,97.6,0.740,17.64,343433.62812,352375.09462,24620.88,
Balne&aacute;rio Pinhal,4301636,balne&aacute;rio-pinhalense,MARCIA ROSANE TEDESCO DE OLIVEIRA,102.386,14363,104.63,97.9,0.696,13.99,51658.83659,40349.65391,15745.16,
Bar&atilde;o,4301651,baronense,JEFFERSON SCHUSTER BORN,124.113,6202,46.12,98.7,0.748,31.75,28504.95127,22700.87109,34635.32,
Bar&atilde;o de Cotegipe,4301701,cotegipense,VLADIMIR LUIZ FARINA,260.505,6620,25.10,98,0.719,9.62,22423.35229,18698.72214,32944.09,
Bar&atilde;o do Triunfo,4301750,baronense,ELOMAR ROCHA KOLOGESKI,436.101,7519,16.08,98,0.610,13.70,22103.73662,18307.81847,14899.99,
Barrac&atilde;o,4301800,barraconense,ALDIR ZANELLA DA SILVA,515.469,5256,10.37,97.7,0.710,15.38,23283.59177,20402.34577,41223.77,
Barra do Guarita,4301859,guaritense,RODRIGO LOCATELLI TISOTT,62.801,3257,47.98,97.9,0.734,19.23,17288.61298,11528.53161,12980.24,
Barra do Quara&iacute;,4301875,barrense,MAHER JABER MAHMUD,1055.937,4227,3.80,97.7,0.662,18.87,22275.85564,18478.5792,41512.15,
Barra do Ribeiro,4301909,barrense,JAIR MACHADO,729.316,13556,17.25,94.2,0.670,18.40,36620.74256,31563.98941,23808.18,
Barra do Rio Azul,4301925,barrazulense,MARCELO ARRUDA,146.995,1655,13.61,99.1,0.723,55.56,18332.5934,13199.76127,28324.42,
Barra Funda,4301958,barra-fundense,MARCOS ANDRE PIAIA,60.437,2551,39.43,100,0.763,27.78,20920.7526,15998.35113,51934.53,
Barros Cassal,4302006,barros-cassalense,AD&Atilde;O REGINEI DOS SANTOS CAMARGO,647.994,11182,17.16,96.5,0.650,9.62,35255.25311,25036.50555,18267.07,
Benjamin Constant do Sul,4302055,benjaminense,NILTON JOSE VALENTINI,132.351,1958,17.43,98,0.619,41.67,13956.39568,12934.15788,15705.07,
Bento Gon&ccedil;alves,4302105,bento-gon&ccedil;alvense,DIOGO SEGABINAZZI SIQUEIRA,273.576,121803,280.86,96.6,0.778,10.38,499680.20821,409196.8316,50090.88,
Boa Vista das Miss&otilde;es,4302154,boa-vistense,RUDILBERTO SOARES LANDESFELDT,196.064,2092,10.85,98.5,0.676,29.41,17672.44546,13862.73123,74115.58,
Boa Vista do Buric&aacute;,4302204,boa-vistense,JO&Atilde;O RUDINEI SEHNEM,109.541,6712,60.46,99.6,0.762,22.99,29753.10434,23270.48802,31944.72,
Boa Vista do Cadeado,4302220,cadeadense,JO&Atilde;O PAULO BELTR&Atilde;O DOS SANTOS,701.221,2468,3.48,100,0.703,41.67,22315.28359,17560.94927,111358.71,
Boa Vista do Incra,4302238,boa vistense do incra,CLEBER TRENHAGO,504.114,2616,4.82,99,0.731,21.74,18590.77857,15342.66583,78059.04,
Boa Vista do Sul,4302253,boavistense,ROBERTO MARTIM SCHAEFFER,92.956,2778,29.42,99.2,0.728,71.43,23858.67521,18636.13572,32609.62,
Bom Jesus,4302303,bom-jesuense,LUCILA MAGGI MORAIS CUNHA,2622.837,11309,4.39,95,0.666,12.12,39922.42126,38042.21173,29455.96,
Bom Princ&iacute;pio,4302352,bom-principiense,F&Aacute;BIO PERSCH,88.774,14255,133.20,97.9,0.746,11.83,55399.86961,46618.53886,47015.72,
Bom Progresso,4302378,bom-progressense,ARMINDO DAVID HEINLE,89.206,1899,26.23,99.1,0.723,29.41,13815.77448,12414.33648,26576.40,
Bom Retiro do Sul,4302402,bom-retirense,EDMILSON BUSATTO,102.540,12390,112.11,99.4,0.739,12.12,32956.16436,28906.30097,24714.62,
Boqueir&atilde;o do Le&atilde;o,4302451,l&eacute;o-boqueirense,JOCEMAR BARBON,265.952,7702,28.91,98.6,0.700,31.25,25855.66084,20691.74014,17035.20,
Bossoroca,4302501,bossoroquense,JOS&Eacute; MOACIR FABRICIO DUTRA,1610.056,6205,4.27,96.9,0.692,18.52,36220.00234,28267.8596,51819.37,
Bozano,4302584,bozanense,RENATO LUIS CASAGRANDE,200.497,2111,10.94,100,0.745,45.45,14320.44703,12588.72653,72960.70,
Braga,4302600,braguense,LUIS CARLOS BALESTRIN,132.044,3311,28.70,92.9,0.674,19.61,15109.4536,13453.96985,25280.38,
Brochier,4302659,brochiense,CLAURO JOSIR DE CARVALHO,105.353,5104,43.80,98,0.699,20.00,24671.28276,20390.27715,16588.07,
Buti&aacute;,4302709,butiaense,DANIEL PEREIRA DE ALMEIDA,752.187,20952,27.13,96.4,0.689,12.35,51269.88883,48652.68324,21264.20,
Ca&ccedil;apava do Sul,4302808,ca&ccedil;apavano,GIOVANI AMESTOY DA SILVA,3047.113,33548,11.06,99,0.704,13.66,104304.78214,96550.5853,24228.03,
Cacequi,4302907,cacequiense,ANA PAULA MENDES MACHADO DELOLMO,2373.507,12423,5.77,96.5,0.700,10.20,50754.64186,37893.47907,26938.69,
Cachoeira do Sul,4303004,cachoeirense,JOSE OTAVIO GERMANO,3736.158,81869,22.44,98.7,0.742,7.02,229150.14005,220437.53382,28528.77,
Cachoeirinha,4303103,cachoeirinhense,VOLMIR JOSE MIKI BREIER,43.778,131240,2687.04,96,0.757,8.98,397285.38696,353604.78645,40778.59,
Cacique Doble,4303202,caciquense,LUIZ ANGELO DEON,204.055,5074,23.87,99,0.662,32.79,20873.4998,16570.44483,22514.36,
Caibat&eacute;,4303301,caibateense,AMAURI PIRES DA SILVA,261.303,4823,19.08,98.1,0.719,21.74,23000.54028,6899.45646,36721.95,
Cai&ccedil;ara,4303400,cai&ccedil;arense,DANIEL COELHO DOS SANTOS,189.160,4700,26.80,97.1,0.699,18.52,21044.9224,16441.85456,21186.87,
Camaqu&atilde;,4303509,camaquense,IVO DE LIMA FERREIRA,1680.168,66478,37.37,96.7,0.697,17.81,179124.119,152356.30386,30465.98,
Camargo,4303558,camarguense,JEANICE DE FREITAS FERNANDES,138.069,2742,18.77,98.1,0.736,37.04,18751.7361,15998.18101,60853.95,
Cambar&aacute; do Sul,4303608,cambaraense,IVAN DO AMARAL BORGES,1181.811,6406,5.41,96.4,0.697,15.63,27082.76038,23798.82472,28008.65,
Campestre da Serra,4303673,campestrense,MOACIR ZANOTTO,537.994,3395,6.04,100,0.706,74.07,19492.70709,17085.86625,50780.76,
Campina das Miss&otilde;es,4303707,campinense,CARLOS JUSTEN,224.801,5398,27.09,98.5,0.738,16.95,25398.23231,21983.45882,27450.04,
Campinas do Sul,4303806,campinense,PAULO SERGIO BATTISTI,276.162,5438,19.94,99.4,0.760,18.52,22542.71214,19560.17862,40461.26,
Campo Bom,4303905,campo-bonense,LUCIANO LIB&Oacute;RIO BAPTISTA ORSI,60.579,69458,992.79,98.9,0.745,4.42,295667.57345,223333.19719,47163.50,
Campo Novo,4304002,campo-novense,PEDRO DOS SANTOS,220.719,4376,24.58,98.6,0.703,11.76,19491.58779,17638.81514,45569.06,
Campos Borges,4304101,campos-borgense,CLEONICE PASQUALOTTO DA PAIX&Atilde;O TOLEDO,226.202,3295,15.42,97.3,0.708,17.54,19979.97978,16505.20251,29714.95,
Candel&aacute;ria,4304200,candelariense,NESTOR RUBEM ELLWANGER,944.058,31421,31.96,97.9,0.674,15.53,92299.9708,74456.98989,26579.24,
C&acirc;ndido God&oacute;i,4304309,godoiense,VALDI LUIS GOLDSCHMIDT,247.047,6151,26.54,99.1,0.728,21.28,27554.15265,22357.00211,38102.02,
Candiota,4304358,candiotense,LUIZ CARLOS FOLADOR,933.628,9647,9.39,94.9,0.698,7.69,60622.88348,49151.9899,66192.85,
Canela,4304408,canelense,CONSTANTINO ORSOLIN,253.002,45488,154.58,97.1,0.748,10.80,150158.76724,139251.53041,25378.74,
Cangu&ccedil;u,4304507,cangu&ccedil;uense,MARCUS VINICIUS MULLER PEGORARO,3526.253,56211,15.11,96.9,0.650,15.38,161314.1282,132705.37591,19932.46,
Canoas,4304606,canoense,JAIRO JORGE DA SILVA,130.789,348208,2470.15,95.9,0.750,8.62,1696189.3067,1511073.04485,55594.20,
Canudos do Vale,4304614,canudense do vale,PAULO C&Eacute;SAR BERGMANN,82.908,1705,22.06,99,0.713,66.67,14798.56903,11649.25622,25040.62,
Cap&atilde;o Bonito do Sul,4304622,cap&atilde;o bonitense,FELIPPE JUNIOR RIETH,526.850,1641,3.33,98.8,0.637,55.56,16948.24706,14604.30728,118271.57,
Cap&atilde;o da Canoa,4304630,caponense,AMAURI MAGNUS GERMANO,98.290,54051,432.96,95.2,0.743,15.64,214804.36536,191982.06736,27586.32,
Cap&atilde;o do Cip&oacute;,4304655,cipoense,OSVALDO FRONER,1007.796,3699,3.08,98.9,0.672,35.71,24147.84993,19946.16808,89491.93,
Cap&atilde;o do Le&atilde;o,4304663,leonense,VILMAR MOTTA SCHMITT,783.624,25409,30.94,95.3,0.637,21.05,61854.14578,55573.08384,20071.27,
Capivari do Sul,4304671,capivariense,LEANDRO MONTEIRO DOS SANTOS,412.889,4728,9.42,96.4,0.766,21.28,21416.84635,19148.51398,45334.30,
Capela de Santana,4304689,capelense,JOS&Eacute; ALFREDO MACHADO,182.595,12064,63.19,98.3,0.661,7.87,35142.838,27958.52599,17164.57,
Capit&atilde;o,4304697,capitanense,JARI HUNHOFF,73.967,2763,35.64,98.2,0.746,35.71,21044.28261,18205.94561,23671.55,
Carazinho,4304705,carazinhense,MILTON SCHMITZ,666.694,62265,89.19,98,0.766,12.39,247260.22686,205274.16865,48591.24,
Cara&aacute;,4304713,caraense,MAGDIEL DOS SANTOS SILVA,294.456,8350,24.84,96.2,0.652,45.45,23665.95006,20893.65789,13451.66,
Carlos Barbosa,4304804,barbosense,EVERSON KIRCH,230.680,30241,110.17,98.7,0.796,6.64,134175.3448,107434.30247,85997.12,
Carlos Gomes,4304853,carlos-gomense,LUIZ ZELINSKI,83.155,1351,19.33,98.1,0.739,-,13093.96113,10925.40366,27714.78,
Casca,4304903,casquense,ARI DOMINGOS CAOVILLA,272.041,9051,31.83,99.1,0.785,8.55,32602.6894,28589.45588,48621.48,
Caseiros,4304952,caseirense,LEO CESAR TESSARO,235.863,3216,12.76,94.6,0.703,26.32,20258.92661,14000.49879,42539.09,
Catu&iacute;pe,4305009,catuipano,JOELSON ANTONIO BARONI,583.184,8701,15.98,99.5,0.739,35.71,29730.56379,26224.6341,43987.78,
Caxias do Sul,4305108,caxiense,ADIL&Oacute; ANGELO DIDOMENICO,1652.308,517451,264.89,96.3,0.782,8.91,1943956.48808,1758354.81487,48959.40,
Centen&aacute;rio,4305116,centenariense,GENOIR MARCOS FLOREK,134.230,2877,22.07,99.4,0.701,60.61,15047.60326,12156.03498,25470.52,
Cerrito,4305124,cerritense,DOUGLAS RODRIGUES DA SILVEIRA,451.699,6047,14.17,97.5,0.649,20.00,21877.95711,17786.05514,15278.24,
Cerro Branco,4305132,cerro-branquense,EDSON JOEL LAWALL,158.025,4706,28.05,98.7,0.661,23.26,22828.04775,17549.23129,15482.58,
Cerro Grande,4305157,cerro-grandense,VALMOR JOSE CAPELETTI,73.438,2296,32.91,97.7,0.674,33.33,16236.36619,13082.01219,24152.21,
Cerro Grande do Sul,4305173,sul-cerro-grandense,GILMAR JO&Atilde;O ALBA,324.908,12413,31.61,94.9,0.660,7.81,29144.086,27192.42081,13284.89,
Cerro Largo,4305207,cerro-larguense,PAULO C&Eacute;SAR KIPPER DE ALMEIDA,176.643,14189,74.79,98.2,0.764,13.33,47201.37318,42105.72476,52173.65,
Chapada,4305306,chapadense,GELSON MIGUEL SCHERER,684.247,9239,13.71,98.9,0.757,14.71,42527.3917,35331.69235,50329.86,
Charqueadas,4305355,charqueadense,RICARDO MACHADO VARGAS,217.362,41258,163.13,99.5,0.747,5.45,117582.82995,104656.38465,42460.28,
Charrua,4305371,charruense,VALD&Eacute;SIO ROQUE DELLA BETTA,198.748,3252,17.52,89.6,0.620,30.30,15072.80381,12085.1199,27751.75,
Chiapetta,4305405,chiapetense,EDER LUIS BOTH,397.179,3719,10.20,97.5,0.732,17.86,20474.64238,17318.54146,56408.67,
Chu&iacute;,4305439,chuiense,MARCO ANTONIO VASQUES RODRIGUES BARBOSA,202.387,6770,29.21,97.7,0.706,22.73,22187.41297,18799.203,57139.27,
Chuvisca,4305447,chuvisquense,JOEL SANTOS SUBDA,220.471,5480,22.42,97,0.616,61.22,18391.68787,16082.56631,18909.13,
Cidreira,4305454,cidreirense,ALEXSANDRO CONTINI DE OLIVEIRA,243.420,16583,51.52,99.1,0.729,4.98,64061.61764,55416.89392,17575.91,
Cir&iacute;aco,4305504,ciriaquense,ODACIR BOAVENTURA MANHABOSCO DE MELLO,274.350,4719,17.97,95.4,0.719,58.82,21993.92816,17742.46508,31167.73,
Colinas,4305587,colinense,SANDRO RANIERI HERRMANN,60.732,2469,41.46,99,0.765,38.46,18400.2255,14119.31534,24097.69,
Colorado,4305603,coloradense,CELSO GOBBI,286.295,3130,12.44,99.2,0.758,41.67,23770.04831,18230.22909,65388.67,
Condor,4305702,condorense,VALMIR LAND,463.568,6759,14.08,98.3,0.747,12.05,34620.93941,28217.67175,57445.77,
Constantina,4305801,constantinense,FIDELVINO MENEGAZZO,203.614,9907,48.04,96.1,0.754,24.00,34866.85225,31729.66688,30642.99,
Coqueiro Baixo,4305835,coqueirense,JOCIMAR VALER,112.439,1495,13.61,100,0.692,285.71,13736.83525,12098.70376,22487.08,
Coqueiros do Sul,4305850,coqueirense,VALOIR CHAPUIS,277.147,2286,8.92,98.8,0.746,47.62,19331.41531,14959.06093,52168.10,
Coronel Barros,4305871,coronel-barrense,EDISON OSVALDO ARNT,163.684,2520,15.09,98.6,0.744,37.04,20534.23841,16595.22705,48213.49,
Coronel Bicaco,4305900,bicaquense,JURANDIR DA SILVA,492.303,7268,15.74,97.2,0.665,11.11,35370.86867,24301.26092,40506.06,
Coronel Pilar,4305934,coronel pilarense,LUCIANO CONTINI,105.447,1614,16.36,100,0.727,66.67,15138.03902,10343.47361,24110.93,
Cotipor&atilde;,4305959,cotiporanense,IVELTON MATEUS ZARDO,173.207,3838,22.72,99.5,0.741,41.67,21260.06842,18039.33811,40870.16,
Coxilha,4305975,coxilhense,ILDO JOS&Eacute; ORTH,422.101,2743,6.68,98,0.706,31.25,20612.12508,15593.65054,79144.17,
Crissiumal,4306007,crissiumalense,MARCO AURELIO NEDEL,362.194,13357,38.89,98.8,0.712,7.52,41619.49743,37252.24126,25509.72,
Cristal,4306056,cristalense,MARCELO LUIS KROLOW,682.138,8067,10.68,98,0.644,12.20,31927.74302,25180.21375,22553.79,
Cristal do Sul,4306072,cristalense,OTELMO REIS DA SILVA,97.077,2844,28.92,97.8,0.660,37.04,15033.46232,14644.24067,20636.29,
Cruz Alta,4306106,cruzaltense,PAULA RUBIN FACCO LIBRELOTTO,1360.548,59922,46.18,97.2,0.750,6.96,153363.77104,143288.81372,65065.59,
Cruzaltense,4306130,cruzaltino,JOAREZ LUIS SANDRI,166.883,1799,12.83,100,0.719,47.62,14893.47239,12365.56314,45673.33,
Cruzeiro do Sul,4306205,cruzeirense,JO&Atilde;O HENRIQUE DULLIUS,155.058,12402,79.20,97,0.723,9.43,33724.29667,30091.9724,29050.27,
David Canabarro,4306304,canabarrense,LAURO ANTONIO BENEDETTI,174.734,4736,26.77,98.6,0.762,54.05,18124.68547,16647.68016,31003.40,
Derrubadas,4306320,derrubadense,ALAIR CEMIN,360.851,2761,8.83,100,0.707,34.48,18056.30969,14847.94253,28789.23,
Dezesseis de Novembro,4306353,dezesseis-novembrense,JOHNNI RAM&Atilde;O LOMBALDO BOCACIO,217.363,2378,13.22,98.8,0.654,37.04,16564.36399,12933.07308,15928.74,
Dilermando de Aguiar,4306379,dilermandense,JOSE CLAITON SAUZEM ILHA,600.518,3002,5.10,94.1,0.648,41.67,20684.15349,14532.21067,47554.40,
Dois Irm&atilde;os,4306403,dois-irm&atilde;osense,JERRI ADRIANI MENEGHETTI,66.114,33119,423.17,98.5,0.743,17.68,106704.39333,90620.08157,62157.03,
Dois Irm&atilde;os das Miss&otilde;es,4306429,dois-irm&atilde;ozense,MAURO PROCOPIO FORTES DE QUADROS,226.072,2008,9.56,96,0.670,35.71,15718.8754,13309.73231,56332.81,
Dois Lajeados,4306452,dois-lajeense,TIAGO GRANDO,133.535,3405,24.58,99.1,0.757,80.00,19161.6826,15301.45362,28422.03,
Dom Feliciano,4306502,donfelicianense,CLENIO BOEIRA DA SILVA,1355.195,15487,10.60,94,0.587,13.33,41028.69253,39189.23594,15501.61,
Dom Pedro de Alc&acirc;ntara,4306551,dom-pedro-alcantarense,ALEXANDRE MODEL EVALDT,78.219,2527,32.63,97.4,0.691,47.62,17050.22408,13144.86711,21488.71,
Dom Pedrito,4306601,pedritense,M&Aacute;RIO AUGUSTO DE FREIRE GON&Ccedil;ALVES,5194.051,38339,7.49,97.5,0.708,4.82,144387.3361,104390.85323,34347.33,
Dona Francisca,4306700,francisquense,OLAVO JOSE CASSOL,114.149,2999,29.74,97.6,0.697,31.25,17545.43176,14104.97755,24391.42,
Doutor Maur&iacute;cio Cardoso,4306734,mauriciense,MARINO JOS&Eacute; POLLO,255.731,4462,21.03,97.3,0.706,51.28,27465.60325,19560.6628,42284.55,
Doutor Ricardo,4306759,ricardense,ALVARO JOSE GIACOBBO,107.976,1975,18.72,99.2,0.724,90.91,13955.64006,11586.3542,26187.10,
Eldorado do Sul,4306767,eldoradense,ERNANI DE FREITAS GON&Ccedil;ALVES,509.614,41902,67.38,97.2,0.717,7.01,143141.6091,107529.16848,39551.13,
Encantado,4306809,encantadense,ADROALDO CONZATTI,140.006,22880,147.38,99.5,0.767,6.85,83996.52904,70043.85689,39380.74,
Encruzilhada do Sul,4306908,encruzilhadense,BENITO FONSECA PASCHOAL,3348.447,25960,7.33,96.1,0.657,14.18,83090.59068,64389.71595,20766.94,
Engenho Velho,4306924,engenho-velhense,DIEGO MARTINELLI BERGAMASCHI,71.191,982,21.45,97.3,0.717,27.03,15833.63203,12210.94107,45607.32,
Entre-Iju&iacute;s,4306932,entre-ijuiense,JOSE PAULO MENEGHINE,552.986,8411,16.17,99.2,0.680,20.62,36987.09947,30083.8978,47488.62,
Entre Rios do Sul,4306957,entre-rio-sulense,JAIRO PAULO LEYTER,119.912,2758,25.65,98.2,0.703,33.33,19511.33904,17850.41883,68317.58,
Erebango,4306973,erebanguense,VALMOR JOS&Eacute; TOMELERO,152.793,2982,19.40,99.1,0.712,21.74,20441.52275,16206.07329,36857.45,
Erechim,4307005,erechinense,PAULO ALFREDO POLIS,429.164,106633,223.11,97.9,0.776,7.46,297865.90204,234782.88761,47080.69,
Ernestina,4307054,ernestinense,RENATO BECKER,238.558,3170,12.91,100,0.716,24.39,17830.52249,16484.8806,45663.19,
Herval,4307104,hervalense,ILDO ROBERTO LEMOS SALLABERRY,1759.717,6814,3.84,97.3,0.687,14.29,28658.59395,24296.95599,19618.79,
Erval Grande,4307203,erval-grandense,SUZINEI SCHINEIDER,285.677,4819,18.07,99.3,0.681,31.75,19814.67522,18720.85634,19210.49,
Erval Seco,4307302,erval-sequense,LEONIR KOCHE,357.181,6802,21.65,99.1,0.685,12.50,23586.09433,21304.91842,32927.94,
Esmeralda,4307401,esmeraldense,JO&Atilde;O HERMENEGILDO PEREIRA,829.587,3287,3.82,98.7,0.680,37.04,22041.43415,19059.47116,65767.96,
Esperan&ccedil;a do Sul,4307450,esperan&ccedil;ulense,MOIS&Eacute;S ALFREDO LEDUR,148.909,2885,22.05,98,0.661,26.32,19298.55955,14366.55824,24151.55,
Espumoso,4307500,espumosense,DOUGLAS FONTANA,783.642,15591,19.46,98.2,0.765,10.15,57995.07767,50633.65535,49684.93,
Esta&ccedil;&atilde;o,4307559,estacionense,GEVERSON ZIMMERMANN,99.757,5940,59.95,96.6,0.753,13.89,26085.94056,20326.08844,60033.72,
Est&acirc;ncia Velha,4307609,estanciense,DIEGO WILLIAN FRANCISCO,51.779,50672,816.42,98.6,0.757,15.27,148029.47219,120403.41941,29630.14,
Esteio,4307708,esteiense,LEONARDO DUARTE PASCOAL,27.676,83279,2917.87,97.6,0.754,11.75,301406.72628,262107.48057,38249.40,
Estrela,4307807,estrelense,ELMAR ANDR&Eacute; SCHNEIDER,185.026,34399,166.25,98.7,0.767,11.11,118768.30272,103991.01167,43585.52,
Estrela Velha,4307815,estrelavelhense,ALEXANDER CASTILHOS,281.613,3650,12.88,100,0.679,33.33,24031.64966,17907.96424,35090.10,
Eug&ecirc;nio de Castro,4307831,eugenio-castrense,JAIME DIONIR ZWEIGLE,418.069,2352,6.67,99.2,0.712,38.46,21153.80936,16704.11971,84768.84,
Fagundes Varela,4307864,fagundense,NELTON CARLOS CONTE,134.295,2741,19.20,98.8,0.763,142.86,19562.56008,15657.15196,28469.52,
Farroupilha,4307906,farroupilhense,FABIANO FELTRIN,361.372,73061,176.57,98.5,0.777,5.72,258342.46053,212320.93437,47878.78,
Faxinal do Soturno,4308003,soturnense,CLOVIS ALBERTO MONTAGNER,169.514,6663,39.27,99.1,0.720,15.87,28791.68287,21258.78172,30334.78,
Faxinalzinho,4308052,faxinalzinhense,JAMES AYRES TORRES,143.321,2284,17.90,96.4,0.666,38.46,13925.32062,12444.13258,28025.65,
Fazenda Vilanova,4308078,vilanovense,AMARILDO LUIS DA SILVA,84.794,4608,43.60,97,0.698,18.87,21283.93561,16119.12295,25799.93,
Feliz,4308102,felizense,CL&Oacute;VIS FREIBERGER JUNIOR,94.832,13640,129.59,98.9,0.750,13.33,52318.26671,42841.4138,31408.48,
Flores da Cunha,4308201,florense,CESAR ULIAN,276.231,31063,99.20,97.4,0.754,13.19,121269.74175,97657.10834,53356.89,
Floriano Peixoto,4308250,florianense,ORLEI GIARETTA,168.521,1737,11.98,99.2,0.663,125.00,15320.69838,11065.21623,32812.94,
Fontoura Xavier,4308300,fontourense,LUIZ ARMANDO TAFFAREL,583.465,10241,18.37,96.1,0.661,11.24,29049.74082,26188.78868,19353.31,
Formigueiro,4308409,formigueirense,JOCELVIO GON&Ccedil;ALVES CARDOSO,578.875,6616,12.05,95.6,0.682,14.49,26870.5662,21061.9161,28268.41,
Forquetinha,4308433,forquetinhense,PAULO JOSE GRUNEWALD,93.275,2400,26.49,95.1,0.683,58.82,11988.82253,11091.39112,17422.52,
Fortaleza dos Valos,4308458,fortalezense,MARCIA ROSSATTO FREDI,650.512,4285,7.03,99.7,0.756,20.41,32082.20558,22414.80354,74415.91,
Frederico Westphalen,4308508,westphalense,JOS&Eacute; ALBERTO PANOSSO,265.181,31498,108.85,97.9,0.760,5.03,103770.42235,73774.31747,36706.92,
Garibaldi,4308607,garibaldense,ALEX CARNIEL,167.559,35440,181.34,95.6,0.786,10.00,141656.11163,113849.76969,59883.30,
Garruchos,4308656,garruchense,ROLAND SCHATZ,803.737,2886,4.04,98.3,0.671,40.00,22135.7476,15975.77588,42267.42,
Gaurama,4308706,gauramense,LEANDRO MARCIO PUTON,204.428,5489,28.70,99.2,0.738,19.23,22522.75637,17579.93337,42172.48,
General C&acirc;mara,4308805,camaraense,HELTON HOLZ BARRETO,510.010,8361,16.56,97.3,0.686,11.11,21506.47911,17890.60547,18762.91,
Gentil,4308854,gentilense,ALCENIR DALMAGO,184.715,1626,9.11,98,0.733,38.46,14768.63897,11861.22152,67135.65,
Get&uacute;lio Vargas,4308904,getuliense,MAUR&Iacute;CIO SOLIGO,287.466,16184,56.37,98.5,0.746,10.31,54628.39611,44655.77656,34152.09,
Giru&aacute;,4309001,giruaense,RUBEN WEIMER,857.059,15863,19.95,98.2,0.721,15.79,71959.93148,61768.17703,48599.82,
Glorinha,4309050,glorinhense,PAULO JOS&Eacute; SILVEIRA CORR&Ecirc;A,323.955,8204,21.29,98.8,0.714,10.64,32991.64015,33087.62096,41243.59,
Gramado,4309100,gramadense,NESTOR TISSOT,239.341,36555,135.70,96.9,0.764,8.22,233602.1937,216720.67689,54901.17,
Gramado dos Loureiros,4309126,loureirense,ARTUR CEREZA,131.396,2058,17.27,99.5,0.685,45.45,16440.80699,11574.73044,25351.87,
Gramado Xavier,4309159,gramado-xavierense,JOSE MARCELO LAUFER,217.515,4352,18.25,98.5,0.634,48.78,17998.4821,15817.48143,19318.33,
Gravata&iacute;,4309209,gravataiense,LUIZ ARIANO ZAFFALON,468.288,283620,551.59,95.7,0.736,11.45,788308.10235,704080.6682,42820.82,
Guabiju,4309258,guabijuense,DIEGO VENDRAMIN,146.925,1490,10.77,100,0.758,-,13074.17498,11686.15253,48844.08,
Gua&iacute;ba,4309308,guaibense,MARCELO SOARES REINALDO,376.166,98239,252.57,97.3,0.730,9.76,299640.04983,241629.93162,68641.09,
Guapor&eacute;,4309407,guaporense,VALDIR CARLOS FABRIS,297.545,25968,76.64,98.5,0.765,12.50,96100.61721,74803.77841,34001.53,
Guarani das Miss&otilde;es,4309506,guaraniense,JERONIMO JASKULSKI,290.700,7463,27.93,97.8,0.737,11.24,27663.18637,25187.47006,46961.83,
Harmonia,4309555,harmoniense,ERNANI JOS&Eacute; FORNECK,48.562,4917,95.04,100,0.749,22.22,30745.51051,24571.19339,35168.13,
Herveiras,4309571,herveirense,NAZARIO RUBI KUENTZER,118.252,3019,24.97,93.7,0.616,66.67,14430.50185,12660.69109,19922.85,
Horizontina,4309605,horizontinense,JONES JEHN DA CUNHA,229.694,19389,78.92,97.6,0.783,11.24,110443.57099,84110.4909,84405.81,
Hulha Negra,4309654,hulha-negrense,CARLOS RENATO TEIXEIRA MACHADO,822.608,6836,7.34,96,0.643,14.71,25728.64497,20944.54165,30024.62,
Humait&aacute;,4309704,humaitaense,PAULO ANTONIO SCHWADE,135.010,4736,36.57,99,0.738,22.73,26800.76535,21490.22851,30293.45,
Ibarama,4309753,ibaramense,VALMOR NERI MATTANA,195.426,4399,22.63,97.7,0.652,25.64,17971.71811,16630.52541,20531.21,
Ibia&ccedil;&aacute;,4309803,ibia&ccedil;aense,ULISSES CECCHIN,348.778,4699,13.50,97.6,0.739,31.25,27178.79553,20966.36643,47075.19,
Ibiraiaras,4309902,ibiraiarense,DOUGLAS ROSSONI,292.160,7265,23.85,97.5,0.724,14.29,29828.83932,23723.32444,33922.21,
Ibirapuit&atilde;,4309951,ibirapuitanense,JOSE NICOLODI PROVENCI,307.164,4000,13.23,95.4,0.638,30.30,21103.76026,18158.48109,29111.88,
Ibirub&aacute;,4310009,ibirubense,ABEL GRAVE,607.185,20413,31.79,99,0.765,14.44,82619.92241,67083.45834,52551.35,
Igrejinha,4310108,igrejinhense,LEANDRO MARCIANO HORLLE,137.548,37340,233.03,97.3,0.721,13.51,129334.22167,105870.01605,49798.73,
Iju&iacute;,4310207,ijuiense,ANDREI COSSETIN SCZMANSKI,688.982,83764,114.51,98.9,0.781,12.07,367898.41579,322410.22183,42446.90,
Il&oacute;polis,4310306,ilopolitano,EDMAR PEDRO ROVADOSCHI,118.144,4066,35.22,95.7,0.730,37.04,19641.29449,14208.73328,25566.37,
Imb&eacute;,4310330,Imbeense,LUIS HENRIQUE VEDOVATO,39.766,23271,448.53,96.8,0.764,16.89,93697.3097,86666.62328,20405.20,
Imigrante,4310363,imigrantense,GERMANO STEVENS,71.716,3100,41.21,95.1,0.743,62.50,22621.7205,19340.55154,76801.62,
Independ&ecirc;ncia,4310405,independenciense,JO&Atilde;O ED&Eacute;CIO GRAEF,358.283,6109,18.52,98.9,0.693,12.66,27809.42103,23496.47184,45611.91,
Inhacor&aacute;,4310413,inhacorense,EVERALDO BUENO ROLIM,113.749,2215,19.87,98.8,0.673,40.00,14300.95417,13152.9439,32435.19,
Ip&ecirc;,4310439,ipeense,CASSIANO DE ZORZI CAON,599.361,6689,10.04,98.6,0.728,19.23,26439.35552,21629.96404,29864.74,
Ipiranga do Sul,4310462,ipiranguense,MARCO ANTONIO SANA,158.710,1880,12.31,100,0.791,166.67,15743.40398,13386.92969,54739.60,
Ira&iacute;,4310504,iraiense,ANTONIO VILSON BERNARDI,181.579,7141,44.64,98.4,0.691,9.62,21118.44517,17857.66024,23137.18,
Itaara,4310538,itaarense,SILVIO WEBER,172.801,5537,28.96,99.1,0.760,17.54,18509.7824,16493.69247,22856.48,
Itacurubi,4310553,itacurubiense,GELSO DOS SANTOS SOARES,1120.874,3460,3.07,96.3,0.657,41.67,18074.02087,15199.27035,26512.97,
Itapuca,4310579,itapuquense,MARCOS JOSE SCORSATTO,184.673,2065,12.72,97.5,0.664,52.63,14448.83984,11837.66227,27090.56,
Itaqui,4310603,itaquiense,LEONARDO DICSON SANCHEZ BETIN,3406.606,37489,11.21,98.7,0.713,18.15,110187.86557,109059.94316,36770.02,
Itati,4310652,itatiense,FLORI WERB,205.321,2397,12.49,97.7,0.669,125.00,14779.51546,12529.42666,26379.00,
Itatiba do Sul,4310702,itatibense,VALDEMAR CIBULSKI,212.669,3231,19.65,99.2,0.681,43.48,20611.19147,16955.73773,17120.09,
Ivor&aacute;,4310751,ivorense,SAULO PICCININ,122.930,1881,17.54,97.1,0.724,-,13908.71148,11563.70323,27266.57,
Ivoti,4310801,ivotiense,MARTIN CESAR KALKMANN,63.092,24690,314.71,100,0.784,11.07,89287.14551,67632.30301,42392.50,
Jaboticaba,4310850,jaboticabense,LUIS CLOVES MOLINARI SILVA,127.589,3773,32.00,98.1,0.658,40.82,16607.68285,13538.10073,25581.78,
Jacuizinho,4310876,jacuizinhense,DINIZ JOS&Eacute; FERNANDES,339.399,2706,7.41,98.1,0.662,55.56,15167.50537,13466.82912,43708.96,
Jacutinga,4310900,jacutinguense,CARLOS ALBERTO BORDIN,178.009,3546,20.26,97.4,0.726,68.97,20329.5472,15444.49987,37600.75,
Jaguar&atilde;o,4311007,jaguarense,FAVIO MARCEL TELIS GONZALEZ,2051.845,26500,13.60,97.1,0.707,24.62,87238.15698,72245.37863,24959.82,
Jaguari,4311106,jaguariense,ROBERTO CARLOS BOFF TURCHIELLO,675.314,10765,17.04,97,0.712,23.53,38963.78049,34087.80552,23282.63,
Jaquirana,4311122,jaquiranense,MARCOS FINGER PIRES,908.879,3662,4.60,96.1,0.614,18.18,20416.12266,16166.57638,17759.46,
Jari,4311130,jariense,OSNEI DOS SANTOS AZEREDO,853.080,3486,4.17,96,0.631,28.57,22238.51838,15751.16851,62056.45,
J&oacute;ia,4311155,joiense,ADRIANO MARANGON DE LIMA,1238.918,8566,6.74,96.6,0.686,13.89,42459.69052,32533.97325,61671.49,
J&uacute;lio de Castilhos,4311205,castilhense,BERNARDO QUATRIN DALLA CORTE,1929.544,19224,10.15,97.3,0.716,12.45,77913.77144,63239.13836,67506.41,
Lagoa Bonita do Sul,4311239,lagobonitense,LUIZ FRANCISCO FAGUNDES,109.281,2921,24.53,97.9,0.670,37.04,13940.65325,12121.71781,20740.88,
Lago&atilde;o,4311254,lagoense,CIRANO DE CAMARGO,387.455,6461,16.12,97,0.643,15.38,22550.25033,18523.42748,17328.85,
Lagoa dos Tr&ecirc;s Cantos,4311270,tr&ecirc;s-cantense,SERGIO ANTONIO LASCH,138.602,1607,11.53,100,0.789,83.33,17057.22066,12815.48272,58589.01,
Lagoa Vermelha,4311304,lagoense,GUSTAVO JOSE BONOTTO,1260.227,27778,21.78,97.5,0.738,10.15,76755.62441,79573.80007,41824.19,
Lajeado,4311403,lajeadense,MARCELO CAUMO,91.231,85033,793.07,98,0.778,4.01,313426.42933,257293.54268,51129.40,
Lajeado do Bugre,4311429,lajeado-bugrense,ROBERTO MACIEL SANTOS,67.947,2566,36.61,96.8,0.613,27.78,13959.00491,11219.60691,19110.67,
Lavras do Sul,4311502,lavrense,S&Aacute;VIO JOHNSTON PRESTES,2600.969,7444,2.95,98.5,0.699,13.89,40036.16247,32066.32762,33585.41,
Liberato Salzano,4311601,salzanense,JULIANE PENSIN,245.627,5152,23.53,98.9,0.685,16.39,21566.55228,18628.82943,26530.72,
Lindolfo Collor,4311627,lindolfo-collorense,GASPAR BEHNE,33.351,6125,158.44,97.1,0.712,12.05,26316.3433,18835.38011,49614.84,
Linha Nova,4311643,linha-novense,HENRIQUE PETRY,63.502,1719,25.48,100,0.749,142.86,12244.82671,9721.99138,28231.24,
Machadinho,4311700,machadinhense,ALCIR GRISON,335.198,5427,16.45,98.5,0.692,27.03,22641.84126,20367.88179,32759.17,
Ma&ccedil;ambar&aacute;,4311718,ma&ccedil;ambarense,ADRIANE BORTOLASO SCHRAMM,1682.820,4562,2.82,99.3,0.684,32.79,26115.04942,17242.52362,53206.04,
Mampituba,4311734,mampitubense,PEDRO JUAREZ DA SILVA,156.653,2973,19.02,96.6,0.649,34.48,17104.60084,13934.41597,17811.58,
Manoel Viana,4311759,vianense,JORGE GUSTAVO COSTA MEDEIROS,1390.696,7307,5.09,99.2,0.655,19.23,24016.81615,20462.17218,38077.86,
Maquin&eacute;,4311775,maquinense,JO&Atilde;O MARCOS BASSANI DOS SANTOS,613.328,6681,11.11,94.6,0.682,41.67,25260.84595,21079.4165,17974.48,
Marat&aacute;,4311791,marataense,GISELE ADRIANA SCHNEIDER,82.063,2702,31.13,99,0.697,-,21083.682,17162.94568,25836.81,
Marau,4311809,marauense,IURA KURTZ,649.770,44858,56.00,94.5,0.774,7.52,134010.05629,120754.98208,47227.43,
Marcelino Ramos,4311908,marcelinense,VANNEI MAFISSONI,229.759,4319,22.35,98.2,0.724,29.41,21555.89208,18131.62087,25962.98,
Mariana Pimentel,4311981,marianense,LUIZ RENATO MILESKI GONCZOROSKI,338.450,3888,11.15,97.7,0.701,30.30,18283.12865,13110.20565,17088.47,
Mariano Moro,4312005,marianense,IRINEU FANTIN,98.727,2009,22.33,98.1,0.730,58.82,14891.98136,12052.72243,24561.27,
Marques de Souza,4312054,marques-souzense,FABIO ALEX MERTZ,125.714,3995,32.50,100,0.687,21.74,19305.85222,16099.86827,21853.47,
Mata,4312104,matense,ROGERIO KUHN,316.121,4797,16.39,97.9,0.656,54.05,20420.28628,16818.5502,23487.15,
Mato Castelhano,4312138,mato-castelhanense,ROG&Eacute;RIO AZEREDO FRAN&Ccedil;A,238.268,2542,10.36,100,0.727,46.51,15704.44874,13481.05083,40974.96,
Mato Leit&atilde;o,4312153,mato-leitoense,CARLOS ALBERTO BOHN,46.799,4573,84.20,100,0.746,37.04,26467.22556,19159.41995,34596.54,
Mato Queimado,4312179,matoqueimadense,JOAQUIM BOURSCHEIDT,114.653,1629,15.69,99.2,0.717,45.45,15489.1869,11880.36335,35649.15,
Maximiliano de Almeida,4312203,almeidense,EUCLIDES JOAO MUTERLLE,208.439,4314,23.56,99.1,0.699,41.67,18408.71269,16021.01359,26275.72,
Minas do Le&atilde;o,4312252,leonense,SILVIA MARIA LASEK NUNES,424.339,8103,17.98,97.9,0.681,19.61,28075.10307,24196.04405,21970.07,
Miragua&iacute;,4312302,miraguaiense,VALDELIRIO PRETTO DA SILVA,131.236,4911,37.24,99.1,0.725,29.85,17986.07966,15234.52696,27569.85,
Montauri,4312351,montauriense,JAIRO ROQUE ROSO,82.230,1441,18.79,100,0.764,90.91,14316.17921,11725.55702,38938.18,
Monte Alegre dos Campos,4312377,montealegrense,ONILTON JO&Atilde;O CAPELINI,549.456,3232,5.64,98.7,0.650,40.00,17584.74093,15816.37747,20136.01,
Monte Belo do Sul,4312385,monte-belense,ADENIR JOS&Eacute; DALL&Eacute;,69.726,2530,39.05,98.7,0.752,76.92,16461.32351,13294.87965,30817.49,
Montenegro,4312401,montenegrino,GUSTAVO ZANATTA,424.846,65721,140.13,97.4,0.755,5.13,258131.54,195508.36992,57568.88,
Morma&ccedil;o,4312427,mormacense,RODRIGO JACOBY TRINDADE,146.191,3113,18.81,97.8,0.714,58.82,15264.94141,13367.75765,35419.10,
Morrinhos do Sul,4312443,morrinhense,MARCOS VENICIOS EVALDT DA SILVEIRA,166.224,2919,19.23,100,0.711,30.30,17678.29501,13321.21072,18521.64,
Morro Redondo,4312450,morro-redondense,RUI VALDIR OTTO BRIZOLARA,244.645,6589,25.45,98.5,0.702,17.24,19904.52195,16214.47085,14014.95,
Morro Reuter,4312476,morroreutense,CARLA CRISTINE WITTMANN CHAMORRO,89.412,6513,64.76,96.7,0.743,33.90,24852.06711,20823.65518,28815.40,
Mostardas,4312500,mostardense,MOISES BATISTA PEDONE DE SOUZA,1977.442,12847,6.11,96.6,0.664,14.39,49719.90374,45534.67787,28099.77,
Mu&ccedil;um,4312609,mu&ccedil;unense,MATEUS GIOVANONI TROJAN,111.247,4961,43.20,97.2,0.746,20.41,20106.04068,18911.88723,50658.96,
Muitos Cap&otilde;es,4312617,caponense,RITA DE CASSIA CAMPOS PEREIRA,1193.717,3173,2.49,92.8,0.702,25.64,28872.71653,21478.39877,136948.23,
Muliterno,4312625,muliternense,ADAIR BARILLI,111.132,1897,16.31,95.2,0.689,29.41,13242.42187,11322.71748,27746.19,
N&atilde;o-Me-Toque,4312658,n&atilde;o-me-toquense,GILSON DOS SANTOS,361.689,17758,44.06,98.9,0.765,8.00,84979.23339,71619.38958,72952.08,
Nicolau Vergueiro,4312674,nicolau-vergueirense,GERALDO ANTONIO MUNIZ,154.995,1674,11.04,97.4,0.753,52.63,14204.1667,12883.16049,54560.41,
Nonoai,4312708,nonoaiense,ADRIANE PERIN DE OLIVEIRA,468.962,11633,25.75,96.2,0.702,10.53,44644.06732,36324.0106,36362.42,
Nova Alvorada,4312757,nova-alvoradense,EDILSON ANTONIO ROMANINI,148.861,3663,21.30,96.7,0.740,64.52,20925.98074,19202.96974,47136.72,
Nova Ara&ccedil;&aacute;,4312807,ara&ccedil;aense,ADEMIR DAL POZZO,75.514,4826,53.81,100,0.785,13.89,24418.16562,19414.08578,44993.40,
Nova Bassano,4312906,bassanense,IVALDO DALLA COSTA,211.611,10005,41.77,98.6,0.747,22.73,45308.78339,35890.77959,52022.36,
Nova Boa Vista,4312955,boa-vistense,DANIEL THALHEIMER,93.733,1753,20.80,98.5,0.768,100.00,17935.50718,13184.62815,50995.29,
Nova Br&eacute;scia,4313003,bresciense,ANGELO ANTONIO BARBIERI,102.994,3337,30.97,99.5,0.778,33.33,21320.86164,17322.92445,31382.48,
Nova Candel&aacute;ria,4313011,nova-candelariense,JORGE LADIR STEFFLER,97.579,2688,28.12,97.9,0.759,50.00,22379.93305,17038.49526,54286.94,
Nova Esperan&ccedil;a do Sul,4313037,nova-esperancense,IVORI ANT&Ocirc;NIO GUASSO J&Uacute;NIOR,191.000,5410,24.46,100,0.735,32.79,19727.39536,15730.27424,24296.89,
Nova Hartz,4313060,nova-hartense,FLAVIO EMILIO JOST,62.319,21875,293.26,95.6,0.689,14.98,60525.22002,49182.46036,29692.26,
Nova P&aacute;dua,4313086,paduense,DANRLEI PILATTI,102.641,2558,23.73,100,0.761,-,18059.43793,13340.75177,27898.35,
Nova Palma,4313102,nova-palmense,ANDRE LUIZ ROSSATO,314.613,6515,20.23,97.9,0.744,14.93,28572.97296,21452.74123,47644.91,
Nova Petr&oacute;polis,4313201,nova-petropolitano,JORGE DARLEI WOLF,290.164,21536,65.38,98.8,0.780,11.24,73973.93908,65588.3742,37459.32,
Nova Prata,4313300,nova-pratense,ALCIONE GRAZZIOTIN,259.941,27648,88.23,99.3,0.766,3.18,109933.27873,90217.18182,59362.18,
Nova Ramada,4313334,morador de nova rama,MARCUS JAIR BANDEIRA,255.264,2218,9.57,98.6,0.742,40.00,16810.57668,14245.05042,66824.76,
Nova Roma do Sul,4313359,nova-romense,DOUGLAS FAVERO PASUCH,149.158,3717,22.43,98.2,0.741,37.04,26300.31612,19027.69366,49916.71,
Nova Santa Rita,4313375,nova-santaritense,RODRIGO AMADEO BATTISTELLA,218.153,29905,104.26,97.5,0.718,18.09,126337.00574,96236.39046,58018.11,
Novo Cabrais,4313391,cabraisense,LEODEGAR RODRIGUES,192.998,4222,20.05,98.8,0.688,26.32,17171.70735,14617.85859,21226.57,
Novo Hamburgo,4313409,novo-hamburguense,FATIMA CRISTINA CAXINHAS DAUDT,222.536,247032,1067.55,97,0.747,12.76,923160.91883,892363.07468,38159.33,
Novo Machado,4313425,novo-machadense,ANTONIO LUIZ SAVELA,218.836,3256,17.95,97.6,0.663,38.46,20258.5381,15638.79453,35530.59,
Novo Tiradentes,4313441,tiradentense,LUIZ CARLOS BENEDETTE,75.428,2200,30.20,98.8,0.676,38.46,16991.01528,13073.26497,22159.08,
Novo Xingu,4313466,xinguense,JAIME EDSSON MARTINI,79.851,1712,21.80,99.5,0.767,55.56,12834.94136,11662.57672,33153.97,
Novo Barreiro,4313490,novo-barreirense,M&Aacute;RCIA RAQUEL RODRIGUES PRESOTTO,123.344,4175,32.19,99.2,0.706,38.46,19701.95887,16428.85227,21293.60,
Os&oacute;rio,4313508,osoriense,ROGER CAPUTI ARA&Uacute;JO,663.562,46414,61.65,97.1,0.751,11.33,188602.20125,169121.765,34323.48,
Paim Filho,4313607,paim-filhense,GENES JACINTO MOTERLE RIBEIRO,182.115,3778,23.29,98.7,0.706,25.64,16899.7029,16053.471,28327.75,
Palmares do Sul,4313656,palmarense,MAURICIO DA SILVA MUNIZ,949.201,11330,11.56,95.6,0.715,12.82,52680.63849,42667.14355,41484.76,
Palmeira das Miss&otilde;es,4313706,palmeirense,EVANDRO LUIS MASSING,1421.101,33131,24.18,98.3,0.737,9.51,121172.36905,99775.04254,43616.98,
Palmitinho,4313805,palmitense,CAETANO ALBARELLO,144.181,7056,48.04,98.7,0.720,9.71,23985.7454,21713.19067,25956.58,
Panambi,4313904,panambiense,DANIEL HINNAH,491.570,44128,77.53,99.1,0.761,4.62,160725.22664,123331.17262,49260.55,
Pantano Grande,4313953,pantanense,ALCIDES EMILIO PAGANOTTO,841.225,9083,11.76,98.4,0.661,28.04,39933.60793,31375.53849,37352.14,
Para&iacute;,4314001,paraiense,OSCAR DALL AGNOL,121.745,7727,56.57,96,0.773,12.99,32214.11974,26005.8526,38249.25,
Para&iacute;so do Sul,4314027,paraisense,ARTUR ARNILDO LUDWIG,337.534,7623,21.71,99.2,0.676,12.50,25119.61235,18573.90788,20382.24,
Pareci Novo,4314035,pareciense,PAULO ALEXANDRE BARTH,57.373,3862,61.16,97.7,0.749,23.81,24422.33397,19560.79772,25141.19,
Parob&eacute;,4314050,parobeense,DIEGO DAL PIVA DA LUZ,108.707,58858,474.03,96.6,0.704,8.11,141258.01332,125522.97002,21283.76,
Passa Sete,4314068,passasetense,MAUR&Iacute;CIO AFONSO RUOSO,304.833,5747,16.92,98.6,0.622,22.22,24975.84564,16691.94314,18428.98,
Passo do Sobrado,4314076,passo-sobradense,EDGAR THIESEN,265.133,6574,22.67,98.5,0.698,18.52,27529.85966,21687.51852,26492.16,
Passo Fundo,4314100,passo-fundense,PEDRO CEZAR DE ALMEIDA NETO,784.407,204722,235.92,97.3,0.776,10.06,586902.49489,488853.84966,45327.11,
Paulo Bento,4314134,paulobentense,GABRIEL JEVINSKI,149.669,2299,14.80,99.2,0.710,45.45,14103.80593,12506.57442,41540.84,
Paverama,4314159,paveramense,FABIANO MERENCE BRAND&Atilde;O,171.863,8515,46.80,98.8,0.683,14.08,27127.15729,22223.1252,20008.85,
Pedras Altas,4314175,pedras altense,LUIZ ALBERTO SOARES PERDOMO,1373.985,1954,1.61,94.1,0.640,40.00,21970.29637,17420.89623,54878.22,
Pedro Os&oacute;rio,4314209,pedro-osoriense,MOACIR OT&Iacute;LIO ALVES,603.757,7706,12.83,95.8,0.678,21.05,19654.37871,17521.2349,19281.18,
Peju&ccedil;ara,4314308,peju&ccedil;arense,FLAVIANA BRANDEMBURG BASSO,414.106,3857,9.59,100,0.741,34.48,27297.66795,22616.01313,68905.46,
Pelotas,4314407,pelotense,PAULA SCHILD MASCARENHAS,1609.708,343132,203.89,96.9,0.739,9.98,971193.1485,906719.09511,25884.35,
Picada Caf&eacute;,4314423,picadense,LUCIANO KLEIN,84.280,5738,60.86,99.3,0.758,17.86,25349.32906,22979.17295,60482.63,
Pinhal,4314456,pinhalense,LUIZ CARLOS PINTO RIBEIRO,68.222,2580,36.84,98.4,0.720,25.64,20455.13318,17193.10943,28699.25,
Pinhal da Serra,4314464,pinhalense,JOS&Eacute; ROBISON RODRIGUES DUARTE,438.110,1918,4.86,95.7,0.650,41.67,22970.92193,22080.85888,130250.55,
Pinhal Grande,4314472,pinhal-grandense,LUCAS MICHELON,478.110,4329,9.37,97.6,0.678,24.39,30382.86699,23215.43991,157011.32,
Pinheirinho do Vale,4314498,pinheirinhense,NELBO ALDAIR APPEL,105.385,4899,42.58,97.3,0.710,19.23,20459.15588,18631.29947,17490.50,
Pinheiro Machado,4314506,pinheirense,JOS&Eacute; ANT&Ocirc;NIO DUARTE ROSA,2248.221,12195,5.68,97.1,0.661,8.13,48905.90443,45734.59745,23263.40,
Pinto Bandeira,4314548,pinto bandeirense,HADAIR FERRARI,104.821,3036,-,-,-,43.48,14467.06749,11108.0264,17997.61,
Pirap&oacute;,4314555,pirapoense,AURI BRANDT KOCHHANN,293.723,2254,9.45,97.9,0.669,62.50,17905.29477,14141.19821,28699.24,
Piratini,4314605,piratinense,M&Aacute;RCIO MANETTI PORTO,3537.799,20704,5.61,97.2,0.658,14.85,56646.53814,47976.88898,20169.21,
Planalto,4314704,planaltense,CRISTIANO GNOATTO,228.552,10019,45.67,97.2,0.687,13.51,28002.30395,24449.52557,19210.19,
Po&ccedil;o das Antas,4314753,po&ccedil;oantense,V&Acirc;NIA BRACKMANN,67.571,2101,31.00,99.1,0.744,50.00,16406.04182,14422.34924,42139.95,
Pont&atilde;o,4314779,pontanense,VELTON VICENTE HAHN,502.709,3901,7.63,96.8,0.725,23.26,27746.14664,20610.48916,57698.04,
Ponte Preta,4314787,ponte-pretense,JOSIEL FERNANDO GRISELI,99.504,1524,17.52,100,0.725,71.43,13275.17101,12621.98025,39438.58,
Port&atilde;o,4314803,portanense,DELMAR HOFF,159.298,37561,193.38,96.2,0.713,2.54,101076.28477,77849.97084,33064.14,
Porto Alegre,4314902,porto-alegrense,SEBASTI&Atilde;O DE ARA&Uacute;JO MELO,495.390,1488252,2837.53,96.6,0.805,8.98,6432707.50645,6018787.33325,52149.66,
Porto Lucena,4315008,porto-lucenense,JAIR MIGU&Eacute;L WAGNER,250.876,4594,21.65,97.5,0.693,28.57,18865.5059,15171.32533,21969.76,
Porto Mau&aacute;,4315057,porto-mauense,LEOCIR WEISS,105.811,2352,24.08,100,0.698,55.56,16609.54222,13514.16247,25576.93,
Porto Vera Cruz,4315073,porto-vera-cruzense,JOS&Eacute; ANDRADE DE MATOS,114.284,1308,16.30,100,0.690,200.00,14782.76285,11208.93859,22295.78,
Porto Xavier,4315107,porto-xavierense,GILBERTO DOMINGOS MENIN,281.497,10194,37.64,99.5,0.723,8.70,34964.18352,28743.09505,17084.16,
Pouso Novo,4315131,pouso-novense,MOACIR LUIS SEVERGNINI,105.358,1612,17.60,96.6,0.715,38.46,13879.54663,11780.65695,25068.23,
Presidente Lucena,4315149,lucinense,GILMAR FUHR,49.628,2937,50.26,98.6,0.757,27.78,17376.93425,14205.84591,48987.29,
Progresso,4315156,progressense,PAULO GILBERTO SCHMITT,256.039,6239,24.09,99,0.683,41.67,22832.20324,20131.23025,19875.75,
Prot&aacute;sio Alves,4315172,prot&aacute;sio-alvense,ITAMAR ANTONIO GIRARDI,171.973,1938,11.57,98.1,0.733,105.26,15653.76819,12395.69503,26527.18,
Putinga,4315206,putinguense,CLAUDIOMIRO ANGELO CENCI,205.117,3889,20.19,97.9,0.715,40.00,21130.19039,16192.1231,23834.38,
Quara&iacute;,4315305,quaraiense,JEFERSON DA SILVA PIRES,3139.995,22607,7.31,99.4,0.704,24.69,56380.14896,49859.72604,19655.67,
Quatro Irm&atilde;os,4315313,quatroirmanense,GIOVAN POGANSKI,268.971,1856,6.62,99.6,0.689,95.24,14900.2154,13110.28554,71454.35,
Quevedos,4315321,quevedense,NEUSA DOS SANTOS NICKEL,543.359,2790,4.99,96.4,0.665,66.67,19134.96845,15199.94135,64739.81,
Quinze de Novembro,4315354,quinze-novembrense,GUSTAVO PEUKERT STOLTE,223.072,3803,16.33,100,0.756,48.78,25348.84299,20229.11,39063.17,
Redentora,4315404,redentorense,NILSON PAULO COSTA,303.705,11669,33.77,93.5,0.631,16.30,31559.83964,23904.78169,15104.23,
Relvado,4315453,relvadense,CARLOS LUIZ FRAPORTI,123.353,2079,17.46,98.2,0.731,83.33,14006.51812,11627.64682,22419.38,
Restinga S&ecirc;ca,4315503,restinguense,PAULO RICARDO SALERNO,968.620,15744,16.58,97.6,0.683,18.87,54621.88753,42293.25468,29261.26,
Rio dos &Iacute;ndios,4315552,riodinhense,FLAVIO GOLIN,235.854,2660,15.37,95.1,0.656,20.41,20732.23406,15571.32832,30590.88,
Rio Grande,4315602,rio-grandino,F&Aacute;BIO DE OLIVEIRA BRANCO,2709.391,211965,72.79,97.7,0.744,11.56,644061.4672,563818.86635,51681.23,
Rio Pardo,4315701,rio-pardense,EDIVILSON MEURER BRUM,2051.112,38265,18.33,96.1,0.693,9.95,132982.82409,117970.46571,24379.36,
Riozinho,4315750,riozinhense,ALCEU MARCOS PRETTO,239.562,4676,18.07,96.5,0.661,23.26,22374.14447,16935.05131,26746.67,
Roca Sales,4315800,roca-salense,AMILTON FONTANA,208.108,11471,49.29,98.7,0.729,10.20,37649.02955,31424.99738,40933.30,
Rodeio Bonito,4315909,rodeiense,PAULO DUARTE,83.278,5868,69.03,99.3,0.732,26.32,24351.40313,21326.85854,29815.99,
Rolador,4315958,roladorense,JO&Atilde;O ALBERTO AQUINO GOMES,295.326,2296,8.63,98.5,0.689,55.56,17227.04731,13600.06608,42416.84,
Rolante,4316006,rolantense,PEDRO LUIZ RIPPEL,296.090,21453,65.91,96.9,0.688,3.91,68409.16907,55429.95657,29148.17,
Ronda Alta,4316105,ronda-altense,MARCOS MIGUEL BEUX,418.675,10617,24.37,94.6,0.724,10.31,38154.29441,30104.88655,33171.06,
Rondinha,4316204,rondinhense,ALDOMIR LUIZ CANTONI,252.454,5080,21.88,99.1,0.764,16.67,24925.57148,19522.66015,36694.90,
Roque Gonzales,4316303,roque-gonzalense,FERNANDO MATTES MACHRY,349.074,6797,20.78,97.8,0.688,14.49,30054.5942,24804.54915,116928.24,
Ros&aacute;rio do Sul,4316402,rosariense,VILMAR DE OLIVEIRA,4343.656,39314,9.09,96.5,0.699,4.33,90822.35315,88789.65069,22909.03,
Sagrada Fam&iacute;lia,4316428,sagradense,MARCOS DO NASCIMENTO SANTOS,77.889,2605,33.16,98.6,0.678,41.67,13979.16053,12838.27802,22059.43,
Saldanha Marinho,4316436,saldanhense,JO&Atilde;O &Eacute;LCIO DA FONSECA,221.554,2622,12.95,100,0.762,34.48,21594.18768,17592.68212,61415.45,
Salto do Jacu&iacute;,4316451,salto-jacuiense,RONALDO OLIMPIO PEREIRA DE MORAES,507.698,12481,23.41,96.3,0.687,6.49,45260.1421,39403.69218,64808.00,
Salvador das Miss&otilde;es,4316477,salvadorense,VILSON JOS&Eacute; SCHONS,94.312,2733,28.38,100,0.753,34.48,23897.3244,17970.34715,45272.54,
Salvador do Sul,4316501,salvadorense,MARCO AURELIO ECKERT,99.046,7889,67.59,98.8,0.740,11.76,35144.11568,26192.67021,36513.05,
Sananduva,4316600,sananduvense,LEOMAR JOS&Eacute; FOSCARINI,504.438,16328,30.47,98.4,0.747,9.66,57316.57919,46193.54439,36886.58,
Santa B&aacute;rbara do Sul,4316709,santa-barbarense,M&Aacute;RIO ROBERTO UTZIG FILHO,975.799,7909,9.05,99.5,0.725,10.53,50459.83161,39578.03868,97177.43,
Santa Cec&iacute;lia do Sul,4316733,ceciliense,JO&Atilde;O SIRINEU PELISSARO,200.056,1634,8.30,99.1,0.725,-,14605.68112,11351.32934,45803.27,
Santa Clara do Sul,4316758,santa-clarense,PAULO CEZAR KOHLRAUSCH,86.442,6681,65.75,98.7,0.740,12.99,24697.06674,22464.798,40944.10,
Santa Cruz do Sul,4316808,santa-cruzense,HELENA HERMANY,733.898,131365,161.40,98.3,0.773,11.11,439345.34167,407139.77638,73286.09,
Santa Maria,4316907,santa-mariense,JORGE CLADISTONE POZZOBOM,1780.194,283677,145.98,98.1,0.784,8.26,706132.3621,626436.47232,27785.51,
Santa Maria do Herval,4316956,hervalense,MARA SUSANA SCHAUMLOEFFEL STOFFEL,140.437,6364,43.36,88.1,0.676,17.24,21783.4869,18332.26786,30458.86,
Santa Margarida do Sul,4316972,margaridense,OLMIRO RICARDO SALDANHA TEIXEIRA,955.299,2578,2.46,99,0.663,33.33,19713.57755,16044.51278,89179.78,
Santana da Boa Vista,4317004,santanense-da-boa-vista,GARLENO ALVES DA SILVA,1420.616,8067,5.80,98.5,0.633,52.63,30554.4213,23191.47182,23216.69,
Sant'Ana do Livramento,4317103,santanense,ANA LUIZA MOURA TAROUCO,6946.407,76321,11.86,97.6,0.727,15.47,224827.49483,251327.56546,33840.09,
Santa Rosa,4317202,santa-rosense,ANDERSON MANTEI,489.380,73575,140.03,98.6,0.769,13.62,306360.70395,272965.86102,41100.58,
Santa Tereza,4317251,santa-terezense,GISELE CAUMO,74.054,1726,23.76,98.6,0.746,-,12244.14151,10447.96197,21624.84,
Santa Vit&oacute;ria do Palmar,4317301,vitoriense,WELLINGTON BACELO DOS SANTOS,5195.667,29483,5.91,98.5,0.712,2.49,129295.56665,107901.64448,44990.62,
Santiago,4317400,santiaguense,TIAGO G&Ouml;RSKI LACERDA,2414.195,49360,20.33,98.9,0.766,12.24,138856.28029,117755.05563,29150.81,
Santo &Acirc;ngelo,4317509,santo-angelense ou angelopolitano,JACQUES GON&Ccedil;ALVES BARBOSA,679.340,77568,112.09,99,0.772,9.42,200461.5133,169399.67874,34128.89,
Santo Ant&ocirc;nio do Palma,4317558,palmense,GILBERTO SZIMAINSKI,126.094,2123,16.96,99.2,0.764,125.00,16295.85205,13156.34571,41726.95,
Santo Ant&ocirc;nio da Patrulha,4317608,patrulhense,RODRIGO GOMES MASSULO,1049.583,43171,37.80,96.9,0.717,22.22,146703.97966,110134.54747,29889.94,
Santo Ant&ocirc;nio das Miss&otilde;es,4317707,santo-antoniense,IZALDA MARIA BARROS BOCCACIO,1710.869,10050,6.55,97.3,0.686,18.35,44915.45402,40358.88377,36914.92,
Santo Ant&ocirc;nio do Planalto,4317756,santo-antoniense,&Eacute;LIO GILBERTO LUZ DE FREITAS,203.440,2019,9.77,99.2,0.759,43.48,19140.35489,13838.66972,55201.52,
Santo Augusto,4317806,santo-augustense,LILIAN FONTOURA DEPIERE,467.775,13848,29.84,97.7,0.739,10.93,46494.44697,41360.59522,39859.94,
Santo Cristo,4317905,santo-cristense,ADAIR PHILIPPSEN,367.202,14216,39.19,99.8,0.738,6.62,54368.23166,43788.20595,39854.23,
Santo Expedito do Sul,4317954,expeditense,VANTUIR DUTRA,125.595,2305,19.57,98.9,0.732,62.50,13880.85673,12613.43586,31755.81,
S&atilde;o Borja,4318002,s&atilde;o borjense,EDUARDO BONOTTO,3616.690,60019,17.05,97.5,0.736,10.94,180337.80231,164521.13979,31467.27,
S&atilde;o Domingos do Sul,4318051,s&atilde;o-dominguense,FERNANDO PERIN,78.670,3083,37.06,99.1,0.763,35.71,15424.567,13259.6596,21209.98,
S&atilde;o Francisco de Assis,4318101,assisense,PAULO RENATO CORTELINI,2506.975,18205,7.68,98,0.675,5.10,60086.3991,50295.42236,26750.31,
S&atilde;o Francisco de Paula,4318200,serrano,MARCOS ANDR&Eacute; AGUZZOLLI,3317.858,21801,6.27,96.8,0.685,14.55,66358.75241,54502.29863,28411.70,
S&atilde;o Gabriel,4318309,gabrielense,ROSSANO DOTTO GON&Ccedil;ALVES,5053.460,62147,12.03,96.9,0.699,11.22,162022.34141,154465.55679,29673.16,
S&atilde;o Jer&ocirc;nimo,4318408,jeronimense,EVANDRO AGIZ HEBERLE,935.596,24412,23.64,96,0.696,10.34,63031.77972,50246.2311,24175.77,
S&atilde;o Jo&atilde;o da Urtiga,4318424,urtiguense,CEZAR OLIMPIO ZANDONA,171.029,4641,27.61,98.7,0.694,23.81,20518.25832,16522.65561,28405.38,
S&atilde;o Jo&atilde;o do Pol&ecirc;sine,4318432,polesinense,MATIONE SONEGO,78.320,2543,30.94,99,0.748,50.00,15066.59188,12942.99243,29436.62,
S&atilde;o Jorge,4318440,s&atilde;o-jorgense,JORGE POSTAL,125.620,2816,23.50,98.4,0.732,55.56,14707.80861,12438.12873,30950.10,
S&atilde;o Jos&eacute; das Miss&otilde;es,4318457,s&atilde;o-josezense,GILMAR WEBER TOLFO,98.125,2514,27.74,99,0.651,38.46,14575.06918,13126.61417,23328.64,
S&atilde;o Jos&eacute; do Herval,4318465,hervalense,JOVANI BOZETTI,103.094,1943,21.38,95.3,0.717,58.82,16469.9442,13874.17627,22473.78,
S&atilde;o Jos&eacute; do Hort&ecirc;ncio,4318481,hortenciense,ESTER ELISA DILL KOCH,63.709,4865,63.86,99.5,0.707,50.00,23081.31558,13689.07408,25747.38,
S&atilde;o Jos&eacute; do Inhacor&aacute;,4318499,inhacoraense,GILBERTO PEDRO HAMMES,77.732,2056,28.28,99.5,0.747,121.21,19512.04774,14829.08496,45716.07,
S&atilde;o Jos&eacute; do Norte,4318507,nortense,FABIANY ZOGBI ROIG,1071.824,27721,22.81,96.6,0.623,10.24,76082.11907,66830.98853,29672.28,
S&atilde;o Jos&eacute; do Ouro,4318606,ourense,ANTONIO JOS&Eacute; BIANCHIN,335.287,6922,20.62,100,0.755,23.53,24464.90559,21289.70819,41988.99,
S&atilde;o Jos&eacute; do Sul,4318614,s&atilde;o josense do sul,JULIANE MARIA BENDER,55.209,2437,35.27,96.7,0.725,45.45,16595.33801,14639.88263,25294.40,
S&atilde;o Jos&eacute; dos Ausentes,4318622,ausentino,ERNESTO VALIM BOEIRA,1173.907,3543,2.80,98.5,0.663,29.41,21706.33686,17801.1535,25747.60,
S&atilde;o Leopoldo,4318705,leopoldense,ARY JOS&Eacute; VANAZZI,103.009,238648,2083.82,96.8,0.739,11.07,823933.21728,683237.36073,38317.82,
S&atilde;o Louren&ccedil;o do Sul,4318804,lourenciano,RUDINEI HARTER,2036.125,43540,21.17,97.6,0.687,6.85,131236.72515,119778.02963,24393.81,
S&atilde;o Luiz Gonzaga,4318903,s&atilde;o-luizense,SIDNEY LUIZ BRONDANI,1295.522,33293,26.67,98.8,0.741,9.17,110383.98695,85442.15973,39604.23,
S&atilde;o Marcos,4319000,s&atilde;o-marquense,EVANDRO CARLOS KUWER,256.177,21658,78.45,98.4,0.768,4.65,78979.18958,57990.23501,39582.39,
S&atilde;o Martinho,4319109,s&atilde;o-martinhense,JEANCARLO HUNHOFF,171.245,5380,33.63,99.1,0.726,16.13,26942.50542,22407.68896,40661.63,
S&atilde;o Martinho da Serra,4319125,martinhense,ROBSON FLORES DA TRINDADE,669.547,3231,4.78,99.8,0.652,31.25,15510.06393,15293.59793,63596.46,
S&atilde;o Miguel das Miss&otilde;es,4319158,miguelino,JOSE ROBERTO,1228.447,7683,6.03,97.2,0.667,13.89,39979.40595,30007.49154,67646.01,
S&atilde;o Nicolau,4319208,s&atilde;o-nicolauense,RICARDO MIGUEL KLEIN,485.588,5208,11.80,96.8,0.645,17.54,22770.00983,18296.80815,29221.11,
S&atilde;o Paulo das Miss&otilde;es,4319307,paulista-das-miss&otilde;es,OBERDAN LUIS RHODEN,223.942,5720,28.43,98.5,0.692,73.17,24483.26964,22144.81324,27672.47,
S&atilde;o Pedro da Serra,4319356,s&atilde;o-pedrense,ISABEL CORETE JONER CORNELIUS,35.062,3842,93.68,98.3,0.739,52.63,21641.92476,15750.04191,21246.01,
S&atilde;o Pedro das Miss&otilde;es,4319364,s&atilde;o pedrense,ANTONIO REGINALDO FERREIRA DA SILVA,79.894,2017,23.59,99,0.664,35.71,13206.66083,9277.51503,35682.98,
S&atilde;o Pedro do Buti&aacute;,4319372,s&atilde;o-butiaiense,JOS&Eacute; HENRIQUE HEBERLE,107.559,2949,26.69,100,0.763,41.67,19555.63688,17325.79559,34668.76,
S&atilde;o Pedro do Sul,4319406,s&atilde;o-pedrense,ZIANIA MARIA BOLZAN,873.394,16148,18.74,97.2,0.709,13.07,0.00001,40911.17729,24488.08,
S&atilde;o Sebasti&atilde;o do Ca&iacute;,4319505,caiense,J&Uacute;LIO CESAR CAMPANI,114.294,25959,196.81,99.2,0.739,13.20,86031.93272,69340.08059,27553.28,
S&atilde;o Sep&eacute;,4319604,sepense,JO&Atilde;O LUIZ DOS SANTOS VARGAS,2204.779,23555,10.81,97.3,0.708,7.72,81659.2101,69739.42279,33987.83,
S&atilde;o Valentim,4319703,valentinense,CLAUDIMIR PANIZ,154.450,3259,23.56,99.1,0.720,26.32,16532.06455,14004.72196,27291.96,
S&atilde;o Valentim do Sul,4319711,s&atilde;o-valentinense,GERI ANGELO MACAGNAN,91.898,2245,23.50,98,0.764,66.67,16017.68054,12034.63806,30591.01,
S&atilde;o Val&eacute;rio do Sul,4319737,s&atilde;o-valerense,IDILIO JOS&Eacute; SPERONI,107.402,2729,24.52,94.3,0.642,31.25,19042.67537,11951.28836,20339.58,
S&atilde;o Vendelino,4319752,s&atilde;o-vendelinense,MARL&Iacute; LOURDES OPPERMANN WEISSHEIMER,32.105,2266,60.59,100,0.754,50.00,18520.06238,14174.1606,34171.74,
S&atilde;o Vicente do Sul,4319802,vicentino,FERNANDO DA ROSA PAHIM,1174.822,8732,7.18,98.2,0.685,19.80,33015.25445,26139.49681,31529.04,
Sapiranga,4319901,sapiranguense,CARINA PATR&Iacute;CIA NATH CORREA,136.473,80037,542.14,97.6,0.711,5.84,242237.51286,197811.40033,40789.31,
Sapucaia do Sul,4320008,sapucaiense,VOLMIR RODRIGUES,58.247,141808,2245.91,97.4,0.726,10.24,410795.09105,342724.51214,24171.89,
Sarandi,4320107,sarandiense,NILTON DEBASTIANI,351.717,24763,60.23,98.2,0.777,3.13,69050.86082,58763.83741,37996.58,
Seberi,4320206,seberiense,ADILSON ADAM BALESTRIN,300.827,10713,36.15,98.1,0.723,11.49,38883.94791,35658.57674,33163.84,
Sede Nova,4320230,sede-novense,LEANDRO CORTELETTI BAUNGRAT,119.312,2891,25.24,99,0.712,83.33,18281.84249,13463.77569,34369.50,
Segredo,4320263,segredense,VALDIR JOS&Eacute; RODRIGUES,246.222,7444,28.93,98.5,0.659,15.63,25044.74417,20375.54868,17702.17,
Selbach,4320305,selbaquense,MICHAEL KUHN,176.471,5107,27.75,99.7,0.777,19.61,26094.67194,20502.42337,47164.56,
Senador Salgado Filho,4320321,salgadofilhense,MARIO ALDIR KLEIN,147.068,2770,19.12,96.9,0.693,30.30,16026.21241,13551.10027,32865.05,
Sentinela do Sul,4320354,sentinelense,JOSE FLAVIO RAPHAELLI TRESCASTRO,282.130,5609,18.43,99.5,0.671,19.23,17498.88179,12382.56452,14667.21,
Serafina Corr&ecirc;a,4320404,serafinense,VALDIR BIANCHET,163.310,17795,87.29,97.9,0.760,19.80,67939.37413,50366.82689,38580.62,
S&eacute;rio,4320453,seriense,SIDINEI MOISES DE FREITAS,98.131,1924,22.90,97,0.652,41.67,16022.37841,12783.1598,21111.62,
Sert&atilde;o,4320503,sertanense,EDSON LUIZ ROSSATTO,440.631,5315,14.32,97.4,0.751,38.46,24975.6447,19782.84954,55662.39,
Sert&atilde;o Santana,4320552,sertanense,IRIO MIGUEL STEIN,252.013,6537,23.23,97.8,0.689,14.71,23041.61208,18652.36812,36759.96,
Sete de Setembro,4320578,setembrense,M&Aacute;RCIO POLITOWSKI,129.238,1950,16.34,99.1,0.683,55.56,15185.75398,11705.49068,31626.87,
Severiano de Almeida,4320602,severianense,MILTO VENDRUSCOLO,167.598,3631,22.92,97.7,0.752,28.57,18105.49368,15538.26743,27331.21,
Silveira Martins,4320651,sillveirense,FERNANDO LUIZ CORDERO,119.285,2374,20.68,99.2,0.742,34.48,16691.00979,12786.55635,22214.65,
Sinimbu,4320677,sinimbuense,SANDRA MARISA ROESCH BACKES,510.233,10162,19.74,97.2,0.631,11.36,31098.90903,27519.72514,19081.78,
Sobradinho,4320701,sobradinhense,ARMANDO MAYERHOFER,128.379,15005,109.54,97.6,0.743,10.58,47243.6008,36513.50986,24319.95,
Soledade,4320800,soledadense,MARILDA BORGES CORBELINI,1215.056,31035,24.76,96.3,0.731,13.33,91170.41474,78970.20957,31513.04,
Taba&iacute;,4320859,tabaiense,ARSENIO PEREIRA CARDOSO,94.754,4769,43.60,100,0.701,25.97,17034.11143,15246.40653,17437.52,
Tapejara,4320909,tapejarense,EVANIR WOLFF,238.082,24552,80.61,98.6,0.760,15.63,82299.29728,65260.46542,47621.01,
Tapera,4321006,taperense,VOLMAR HELMUT KUHN,179.935,10577,58.15,99,0.747,7.69,40152.86985,33062.24589,42813.31,
Tapes,4321105,tapense,LUIZ CARLOS COUTINHO GARCEZ,805.452,17332,20.62,97.8,0.695,27.47,53514.17211,45269.76201,20628.25,
Taquara,4321204,taquarense,SIRLEI TERESINHA BERNARDES DA SILVEIRA,453.328,57584,119.35,97.1,0.727,7.51,137620.97037,127511.93322,22810.98,
Taquari,4321303,taquariense,ANDRE LUIS BARCELLOS BRITO,349.967,26885,74.56,97.2,0.733,7.22,70999.08046,54766.11466,27940.73,
Taquaru&ccedil;u do Sul,4321329,taquara&ccedil;usense,LUIZ BLANCO ALVES,76.917,3077,38.60,98.4,0.739,33.33,16734.76772,14411.14608,38042.53,
Tavares,4321352,tavarense,GARDEL MACHADO DE ARAUJO,610.106,5483,8.86,95.3,0.656,40.82,18141.47501,15330.36813,15105.24,
Tenente Portela,4321402,portelense,ROSEMAR ANTONIO SALA,337.495,13434,40.58,96.7,0.708,13.95,45582.81156,38130.89597,31143.69,
Terra de Areia,4321436,terrareense,ALUISIO CURTINOVE TEIXEIRA,142.275,11315,69.67,98.5,0.689,8.33,34061.95195,28441.73721,20216.48,
Teut&ocirc;nia,4321451,teutoniense,CELSO ALO&Iacute;SIO FORNECK,177.795,33766,152.68,99.4,0.747,7.63,110157.34771,90968.10686,43670.50,
Tio Hugo,4321469,tio-huguense,GILSO PAZ,113.944,3055,23.85,91.6,0.742,32.26,16434.35817,14351.30066,40982.73,
Tiradentes do Sul,4321477,tiradentense,ALCEU DIEL,236.653,5616,27.55,98.8,0.689,17.24,19060.10047,16642.4487,21643.52,
Toropi,4321493,toropiense,LAURO SCHERER,198.316,2772,14.54,98,0.683,31.25,15554.63947,12731.786,25393.82,
Torres,4321501,torrense,CARLOS ALBERTO MATOS DE SOUZA,161.624,39064,215.84,98.4,0.762,8.47,169908.10708,125784.96908,29651.15,
Tramanda&iacute;,4321600,tramandaiense,LUIZ CARLOS GAUTO DA SILVA,142.878,52632,287.97,97.5,0.719,9.35,170036.58412,138712.80862,20251.61,
Travesseiro,4321626,travesseirense,GILMAR LUIZ SOUTHIER,80.681,2334,28.52,97.5,0.701,52.63,15671.3459,12121.60917,25835.77,
Tr&ecirc;s Arroios,4321634,tr&ecirc;s-arroiense,CARLOS FLORENCIO BURILLE,148.601,2643,19.21,100,0.791,71.43,20530.11758,15393.23231,28953.81,
Tr&ecirc;s Cachoeiras,4321667,tr&ecirc;s cachoeirense,FL&Aacute;VIO RAUPP LIPERT,251.483,11115,40.70,97.5,0.718,32.52,30345.04904,27135.62204,23133.56,
Tr&ecirc;s Coroas,4321709,tr&ecirc;s-coroense,ALCINDO DE AZEVEDO,165.285,28581,128.53,98.9,0.710,6.85,78753.17215,65554.09467,33865.84,
Tr&ecirc;s de Maio,4321808,tr&ecirc;s-maiense,MARCOS VINICIUS BENEDETTI CORSO,421.461,23876,56.20,98.8,0.759,12.54,82018.4481,67636.02646,45387.30,
Tr&ecirc;s Forquilhas,4321832,forquilhense,LORACI KLIPPEL MELO GERMANN,217.386,2669,13.41,96,0.662,64.52,18604.03153,14653.95998,18680.71,
Tr&ecirc;s Palmeiras,4321857,tr&ecirc;s-palmeirense,CLAUMIR CESAR DE OLIVEIRA,180.599,4251,24.26,98.4,0.703,35.09,25913.25681,21359.50589,32041.51,
Tr&ecirc;s Passos,4321907,tr&ecirc;s-passense,ARLEI LUIS TOMAZONI,268.902,23852,89.29,98.9,0.768,6.54,75393.39149,69032.23258,34502.66,
Trindade do Sul,4321956,trindadense,ELIAS MIGUEL SEGALLA,268.417,5791,21.56,98.9,0.687,10.75,26409.18909,21705.86734,31011.96,
Triunfo,4322004,triunfense,MURILO MACHADO SILVA,817.625,29856,31.50,98.3,0.733,11.76,295042.39599,227491.58358,304208.49,
Tucunduva,4322103,tucunduvense,JONAS FERNANDO HAUSCHILD,181.198,5644,32.62,100,0.747,18.87,24542.487,20325.36877,37999.36,
Tunas,4322152,tunense,PAULO HENRIQUE REUTER,217.302,4577,20.15,98.3,0.657,19.61,18186.33017,15617.89592,17590.48,
Tupanci do Sul,4322186,tupancisense,FERNANDO LUIZ FAVRETTO,135.243,1459,11.64,98.7,0.694,111.11,12541.95982,10855.36726,35215.93,
Tupanciret&atilde;,4322202,tupanciretanense,GUSTAVO HERTER TERRA,2253.234,24068,9.89,97.9,0.709,20.58,95314.40634,74158.86997,53810.85,
Tupandi,4322251,tupandiense,JOSE HILARIO JUNGES,59.447,4939,65.90,98.8,0.718,15.15,39076.8973,29898.76859,105038.43,
Tuparendi,4322301,tuparendiense,LEONEL FERNANDO PETRY,307.710,7810,27.81,99.7,0.728,13.51,30477.9963,24110.69469,37062.96,
Turu&ccedil;u,4322327,turu&ccedil;uense,IVAN EDUARDO SCHERDIEN,253.635,3423,13.89,99.3,0.629,34.48,17276.93865,15930.10446,27945.49,
Ubiretama,4322343,ubiretamense,RODRIGO DANIEL BLOCH,125.876,1983,18.12,99.3,0.700,55.56,15684.20272,11469.78368,30873.19,
Uni&atilde;o da Serra,4322350,uni&atilde;o-serrense,CEZER GASTALDO,131.154,1118,11.35,98.5,0.733,-,13497.07146,11127.85348,43421.10,
Unistalda,4322376,unistaldense,JOS&Eacute; GILNEI MANARA MANZONI,602.387,2321,4.07,99.5,0.649,34.48,14251.60937,12973.82373,29029.60,
Uruguaiana,4322400,uruguaianense,RONNIE PETERSON COLPO MELLO,5702.098,126866,21.95,97.6,0.744,12.26,260960.88969,238532.8977,21808.17,
Vacaria,4322509,vacariense,AMADEU DE ALMEIDA BOEIRA,2124.422,66575,28.87,97.1,0.721,14.14,183509.55114,166734.12383,34272.82,
Vale Verde,4322525,valeverdense,CARLOS GUSTAVO SCHUCH,329.727,3515,9.87,99,0.646,28.57,15584.3668,14566.60007,21943.58,
Vale do Sol,4322533,vale-solense,MAIQUEL EVANDRO LAUREANO SILVA,328.272,11828,33.75,98.6,0.624,25.97,37093.5944,27843.44855,18979.05,
Vale Real,4322541,vale-realense,PEDRO KASPARY,45.085,5981,113.52,98.4,0.737,16.13,23496.35164,18689.41281,22086.84,
Vanini,4322558,vaninense,FLAVIO GABRIEL DA SILVA,64.905,2122,30.58,99.1,0.757,47.62,14325.6364,12242.60786,27960.98,
Ven&acirc;ncio Aires,4322608,ven&acirc;ncio-airense,JARBAS DANIEL DA ROSA,772.588,71973,85.29,97.3,0.712,7.77,270616.60204,191959.83872,49352.93,
Vera Cruz,4322707,vera-cruzense,GILSON ADRIANO BECKER,309.621,27099,77.46,99,0.737,7.60,91512.4362,71010.89768,24467.49,
Veran&oacute;polis,4322806,veranense,WALDEMAR DE CARLI,289.464,26533,78.83,99.3,0.773,16.33,110813.65674,86664.55291,59746.82,
Vespasiano Corr&ecirc;a,4322855,vespasianense,TIAGO MANOEL FERREIRA MICHELON,113.622,1795,17.33,98.9,0.723,66.67,14310.53004,12559.54077,36744.41,
Viadutos,4322905,viadutense,CLAITON DOS SANTOS BRUM,268.072,4690,19.79,95.6,0.702,24.39,23335.95027,16472.337,28451.04,
Viam&atilde;o,4323002,viamonense,VALDIR BONATTO,1496.506,256302,159.91,95.9,0.717,12.43,470583.14853,413102.04715,14732.35,
Vicente Dutra,4323101,dutrense,TOMAZ DE AQUINO ROSSATO,193.025,4599,27.38,96.1,0.638,20.00,17422.35921,15724.66192,19951.01,
Victor Graeff,4323200,victorense,PAULO LOPES GODOI,238.133,2860,12.74,99.2,0.777,38.46,24144.00247,19296.02047,60269.84,
Vila Flores,4323309,vila-florense,EVANDRO ANT&Ocirc;NIO BRANDALISE,107.652,3396,29.72,96.8,0.742,27.78,22025.21913,18331.64975,52292.58,
Vila L&acirc;ngaro,4323358,vila-langarense,ANILDO COSTELLA,151.695,2080,14.14,99.6,0.705,83.33,19345.42102,15531.09402,52981.15,
Vila Maria,4323408,vila-mariense,MAICO SERAFINI BETTO,181.061,4363,23.26,98.7,0.761,19.61,25551.44019,25792.26539,48434.54,
Vila Nova do Sul,4323457,vilanovense,S&Eacute;RGIO OV&Iacute;DIO ROSO CORADINI,508.278,4277,8.31,96.1,0.662,20.00,21363.67729,15179.46757,28174.72,
Vista Alegre,4323507,vista-alegrense,ZAIRO RIBOLI,77.630,2739,36.56,97.9,0.739,71.43,15257.04236,14045.10933,30292.95,
Vista Alegre do Prata,4323606,vista-alegrense,ADAIR ZECCA,119.327,1557,13.15,94,0.780,100.00,16019.98956,13632.6017,34542.61,
Vista Ga&uacute;cha,4323705,vista-gauchense,CLAUDEMIR JOSE LOCATELLI,90.022,2855,31.10,100,0.757,30.30,19112.49132,14759.48154,23348.10,
Vit&oacute;ria das Miss&otilde;es,4323754,vitoriano,CORN&Eacute;LIO LUIS GRIMM,258.312,3092,13.42,100,0.655,43.48,17737.48667,13974.19049,31116.94,
Westf&aacute;lia,4323770,westfaliano,JOACIR ANT&Ocirc;NIO DOCENA,63.665,3031,43.64,98.9,0.752,32.26,24614.49954,20070.72549,55984.31,
Xangri-l&aacute;,4323804,xangri-laense,CELSO BASSANI BARBOSA,60.799,16775,204.88,97.3,0.735,3.48,113733.08711,107033.46123,31202.93,

<table class="fontes-container"><tr><th>Notas:</th></tr><tr><td>Escolariza&ccedil;&atilde;o <span>6 a 14 anos</span>: [popula&ccedil;&atilde;o residente no munic&iacute;pio de 6 a 14 anos de idade matriculada no ensino regular/total de popula&ccedil;&atilde;o residente no munic&iacute;pio de 6 a 14 anos de idade] x 100</td></tr><tr><td>Populao estimada: Para 'dvidas e contestaes' <a href='https://www.ibge.gov.br/estatisticas/sociais/populacao/9103-estimativas-de-populacao.html'>clique aqui</a></td></tr><tr><th>Fontes:</th></tr><tr><td>rea Territorial: &Aacute;rea territorial brasileira. Rio de Janeiro: IBGE, 2018</td></tr><tr><td>Populao estimada: IBGE, Diretoria de Pesquisas, Coordena&ccedil;&atilde;o de Popula&ccedil;&atilde;o e Indicadores Sociais, Estimativas da popula&ccedil;&atilde;o residente com data de refer&ecirc;ncia 1o de julho de 2019</td></tr><tr><td>Densidade demogr&aacute;fica: IBGE, Censo Demogr&aacute;fico 2010, &Aacute;rea territorial brasileira. Rio de Janeiro: IBGE, 2011</td></tr><tr><td>Escolariza&ccedil;&atilde;o <span>6 a 14 anos</span>: IBGE, Censo Demogr&aacute;fico 2010</td></tr><tr><td>IDHM <span>&Iacute;ndice de desenvolvimento humano municipal</span>: Programa das Na&ccedil;&otilde;es Unidas para o Desenvolvimento - PNUD</td></tr><tr><td>Mortalidade infantil: Minist&eacute;rio da Sa&uacute;de, Departamento de Inform&aacute;tica do Sistema &Uacute;nico de Sa&uacute;de - DATASUS 2017</td></tr><tr><td>Receitas realizadas: Contas anuais. Receitas or&ccedil;ament&aacute;rias realizadas (Anexo I-C) 2017 e Despesas or&ccedil;ament&aacute;rias empenhadas (Anexo I-D) 2017. In: Brasil. Secretaria do Tesouro Nacional, Siconfi: Sistema de Informa&ccedil;&otilde;es Cont&aacute;beis e Fiscais do Setor P&uacute;blico Brasileiro. Bras&iacute;lia, DF, [2018]. Dispon&iacute;vel em: https://siconfi.tesouro.gov.br/siconfi/pages/public/consulta_finbra/finbra_list.jsf. Acesso em: set. 2018</td></tr><tr><td>Despesas empenhadas: Contas anuais. Receitas or&ccedil;ament&aacute;rias realizadas (Anexo I-C) 2017 e Despesas or&ccedil;ament&aacute;rias empenhadas (Anexo I-D) 2017. In: Brasil. Secretaria do Tesouro Nacional, Siconfi: Sistema de Informa&ccedil;&otilde;es Cont&aacute;beis e Fiscais do Setor P&uacute;blico Brasileiro. Bras&iacute;lia, DF, [2018]. Dispon&iacute;vel em: https://siconfi.tesouro.gov.br/siconfi/pages/public/consulta_finbra/finbra_list.jsf. Acesso em: set. 2018</td></tr><tr><td>PIB per capita: IBGE, em parceria com os &Oacute;rg&atilde;os Estaduais de Estat&iacute;stica, Secretarias Estaduais de Governo e Superintend&ecirc;ncia da Zona Franca de Manaus - SUFRAMA</td></tr></table>