S&atilde;o Paulo | Todos os Munic&iacute;pios
Munic&iacute;pio [-],C&oacute;digo [-],Gent&iacute;lico [-],Prefeito [2021],&Aacute;rea Territorial - km&sup2; [2020],Popula&ccedil;&atilde;o estimada - pessoas [2020],Densidade demogr&aacute;fica - hab/km&sup2; [2010],Escolariza&ccedil;&atilde;o &lt;span&gt;6 a 14 anos&lt;/span&gt; - % [2010],IDHM &lt;span&gt;&Iacute;ndice de desenvolvimento humano municipal&lt;/span&gt; [2010],Mortalidade infantil - &oacute;bitos por mil nascidos vivos [2017],Receitas realizadas - R$ (&times;1000) [2017],Despesas empenhadas - R$ (&times;1000) [2017],PIB per capita - R$ [2018],
Adamantina,3500105,adamantinense,MARCIO CARDIM,411.987,35111,82.15,97.6,0.790,11.63,160718.67925,137083.66993,30962.66,
Adolfo,3500204,adolfino,IZAEL ANTONIO FERNANDES,211.055,3554,16.85,98.6,0.730,19.23,27333.74731,20103.87713,25867.75,
Agua&iacute;,3500303,aguaiano,JOS&Eacute; ALEXANDRE PEREIRA DE ARA&Uacute;JO,474.554,36648,67.72,95.8,0.715,16.06,84094.76006,72168.73408,28041.03,
&Aacute;guas da Prata,3500402,pratense,REGINA HELENA JANIZELO MORAES,142.673,8221,53.05,98.8,0.781,25.32,29390.24814,24363.40149,20683.88,
&Aacute;guas de Lind&oacute;ia,3500501,lindoiense,GILBERTO ABDOU HELOU,60.126,18808,287.16,96.2,0.745,8.37,86949.22213,75201.47793,26427.34,
&Aacute;guas de Santa B&aacute;rbara,3500550,santa-barbarense,AROLDO JOSE CAETANO,404.463,6109,13.83,98.2,0.757,23.26,34484.19534,28471.94804,27620.94,
&Aacute;guas de S&atilde;o Pedro,3500600,&aacute;gua-pedrense,JO&Atilde;O VICTOR BARBOZA,3.612,3521,488.89,98.4,0.854,38.46,25157.75668,22709.99284,40220.90,
Agudos,3500709,agudense,FERNANDO OCTAVIANI,966.708,37401,35.73,97.9,0.745,12.13,159980.62054,143417.68289,59513.01,
Alambari,3500758,alambariense,JO&Atilde;O PAULO DANTAS PINTO,159.600,6129,30.66,99.3,0.712,25.00,23710.99557,21839.01214,16981.63,
Alfredo Marcondes,3500808,marcondense,CELSO PIRANI PASSOS,118.915,4184,32.86,98.6,0.741,20.83,16478.9668,15111.97897,20104.35,
Altair,3500907,altairense,MARCO ANTONIO FERREIRA,313.007,4186,12.16,96,0.687,20.41,22318.94651,19410.76045,25842.48,
Altin&oacute;polis,3501004,altinopolense,JOS&Eacute; ROBERTO FERRACIN MARQUES,928.956,16203,16.80,99.3,0.730,16.39,72144.19151,55436.05472,30792.08,
Alto Alegre,3501103,alto-alegrense,CARLOS SUSSUMI IVAMA,318.574,4088,12.86,95.1,0.700,33.33,20846.4169,18236.22271,26207.29,
Alum&iacute;nio,3501152,aluminense,ANTONIO PIASSENTINI,83.660,18767,201.28,98.8,0.766,20.33,75397.42207,72572.58372,113887.93,
&Aacute;lvares Florence,3501202,alvares florencense,ADILSON BATISTA LEITE,362.411,3647,10.74,99.3,0.728,26.32,20470.81479,18241.10731,32245.70,
&Aacute;lvares Machado,3501301,machadense,ROGER FERNANDES GASQUES,347.647,24998,67.69,98.3,0.758,18.13,62881.3731,60296.9844,21374.06,
&Aacute;lvaro de Carvalho,3501400,carvalhense,ADILSON DE OLIVEIRA LOPES,153.662,5274,30.36,99.2,0.688,17.54,17943.08204,16441.13972,9632.45,
Alvinl&acirc;ndia,3501509,alvinlandense,ABIGAIL CATELI DIAS,84.879,3237,35.38,99.3,0.722,21.74,15306.4017,12940.54398,16190.38,
Americana,3501608,americanense,FRANCISCO ANTONIO SARDELLI,133.912,242018,1572.75,98,0.811,7.47,774032.5912,709743.8111,47793.48,
Am&eacute;rico Brasiliense,3501707,am&eacute;rico-brasiliense,DIRCEU BRAS PANO,122.958,41032,280.91,98.6,0.751,16.00,99791.19948,100799.16438,24008.70,
Am&eacute;rico de Campos,3501806,americampense,CARLOS ROBERTO ACHILLES,252.876,5981,22.54,98.2,0.745,19.61,23218.51517,21406.83023,19767.04,
Amparo,3501905,amparense,CARLOS ALBERTO MARTINS,445.323,72677,147.75,95.7,0.785,5.65,262299.66169,240727.95422,64804.88,
Anal&acirc;ndia,3502002,analandense,PAULO HENRIQUE FRANCESCHINI,325.953,5056,13.18,99.7,0.754,21.28,31224.86385,30967.5513,37298.53,
Andradina,3502101,andradinense,MARIO CELSO LOPES,964.226,57202,57.39,98.2,0.779,13.35,166955.27105,147353.21707,33661.69,
Angatuba,3502200,angatubense,LUIZ ANTONIO MACHADO,1027.288,25479,21.61,98.3,0.719,6.31,82169.30165,66306.15913,40386.56,
Anhembi,3502309,anhembiense,MIGUEL VIEIRA MACHADO NETO,736.557,6819,7.67,97.2,0.721,14.08,31346.97388,29907.98478,27144.44,
Anhumas,3502408,anhumense,ADAILTON CESAR MENOSSI,320.840,4144,11.66,98.3,0.741,33.33,19928.85581,17614.83672,18317.06,
Aparecida,3502507,aparecidense,LUIZ CARLOS DE SIQUEIRA,120.890,36185,289.13,98.4,0.755,6.25,111612.76459,98271.14272,29969.65,
Aparecida d'Oeste,3502606,aparecidense,IZAIAS APARECIDO SANCHEZ,179.004,4158,24.86,97.7,0.721,21.74,19560.67564,17744.29241,30365.95,
Apia&iacute;,3502705,apiaiense,LUCIANO POLACZEK NETO,974.322,24226,25.85,97.3,0.710,16.67,71090.28962,65066.6608,24247.23,
Ara&ccedil;ariguama,3502754,ara&ccedil;ariguamense,RODRIGO DE ANDRADE,145.204,22860,117.63,98.2,0.704,12.01,109901.4892,98903.72356,149668.66,
Ara&ccedil;atuba,3502804,ara&ccedil;atubense,DILADOR BORGES DAMASCENO,1167.126,198129,155.54,97.6,0.788,11.02,524096.05565,489799.65507,37521.17,
Ara&ccedil;oiaba da Serra,3502903,ara&ccedil;oiabano,JOSE CARLOS DE QUEVEDO JUNIOR,255.327,34776,106.88,99.4,0.776,7.23,137563.59258,82577.97635,25731.56,
Aramina,3503000,araminense,MARIA MADALENA DA SILVA,202.829,5655,25.39,98.7,0.740,14.49,23826.00133,21844.4276,22669.33,
Arandu,3503109,aranduense,FLAVIO CARLOMAGNO GALHEGO,285.908,6365,21.42,98.4,0.685,30.93,30445.16322,30414.49906,18522.28,
Arape&iacute;,3503158,arapeiense,REN&Ecirc; L&Uacute;CIO GON&Ccedil;ALVES,156.903,2460,15.89,98.7,0.680,71.43,15297.20594,12647.83575,12390.56,
Araraquara,3503208,araraquarense,EDSON ANT&Ocirc;NIO EDINHO DA SILVA,1003.625,238339,207.90,98.7,0.815,10.46,813194.67742,797613.15061,40253.93,
Araras,3503307,ararense,PEDRO ELISEU FILHO,644.831,135506,184.30,97.5,0.781,12.11,543415.814,472762.51826,41863.92,
Arco-&Iacute;ris,3503356,arcoirense,ALDO MANSANO FERNANDES,264.904,1773,7.27,99.1,0.722,33.33,14876.26005,12391.60573,29273.95,
Arealva,3503406,arealvense,ELSON BANUTH BARRETO,506.226,8613,15.53,99.6,0.744,21.05,28042.66791,23704.69254,27135.55,
Areias,3503505,areiense,PAULO HENRIQUE DE SOUZA COUTINHO,305.227,3896,12.11,96.8,0.697,21.28,17339.9579,15918.97697,11126.84,
Arei&oacute;polis,3503604,areiopolitano,ANTONIO MARCOS DOS SANTOS,85.907,11158,123.35,97.3,0.695,22.90,31683.03985,27659.50588,12884.23,
Ariranha,3503703,ariranhense,JOAMIR ROBERTO BARBOZA,132.624,9761,64.19,99.6,0.733,25.00,46471.2831,39791.84863,76108.12,
Artur Nogueira,3503802,nogueirense,LUCAS SIA RISSATO,178.026,55340,248.15,98.3,0.749,7.36,151691.3716,141937.105,22156.59,
Aruj&aacute;,3503901,arujaense,LUIS ANTONIO DE CAMARGO,96.167,91157,779.33,98.2,0.784,16.32,285278.24609,247386.93664,69588.09,
Asp&aacute;sia,3503950,aspasiense,IVAN DE PAULA,69.373,1818,26.09,97.1,0.735,-,15746.94939,13472.52382,19290.58,
Assis,3504008,assisense,JOS&Eacute; APARECIDO FERNANDES,460.609,105087,206.70,98.9,0.805,7.69,354752.02841,288566.58779,32443.96,
Atibaia,3504107,atibaiano,EMIL ONO,478.521,144088,264.57,97.3,0.765,11.07,489342.76239,465279.38024,50498.62,
Auriflama,3504206,auriflamense,KATIA CONCEI&Ccedil;&Atilde;O MORITA DE CARVALHO,434.498,15253,32.72,98.8,0.773,5.85,43953.08385,39070.89907,20155.43,
Ava&iacute;,3504305,avaiense,HELLEN FERNANDES RODRIGUES COELHO,540.689,5436,9.18,99.4,0.714,14.08,20941.63736,18277.667,50644.08,
Avanhandava,3504404,avanhandavense,CIRO AUGUSTO MOURA VENERONI,338.370,13859,33.40,97.2,0.705,6.37,47969.29454,41722.29587,23782.13,
Avar&eacute;,3504503,avareense,JOSELYR BENEDITO COSTA SILVESTRE,1213.055,91232,68.37,97.9,0.767,11.49,312718.50318,278557.38041,30391.62,
Bady Bassitt,3504602,badiense,LUIZ ANTONIO TOBARDINI,110.372,17761,132.32,98.5,0.746,4.65,63869.75059,55030.85403,20504.81,
Balbinos,3504701,balbinense,BENEDITO JACKSON BALANCIERI,91.635,5934,40.40,98.9,0.669,55.56,15169.28571,14052.14424,10405.42,
B&aacute;lsamo,3504800,balsamense,CARLOS EDUARDO CARMONA LOUREN&Ccedil;O,149.881,9139,54.18,99,0.756,11.76,24569.88605,22761.47872,22575.02,
Bananal,3504909,bananalense,WILLIAM LANDIM DA SILVA,616.429,10993,16.58,97.1,0.733,21.28,34981.6939,31691.34202,16937.75,
Bar&atilde;o de Antonina,3505005,bar&atilde;oense,RODRIGO WALDEMAR MARQUES,153.142,3498,20.35,100,0.711,17.54,16391.90513,14126.96188,15482.60,
Barbosa,3505104,barbosano,RODRIGO PRIMO ANTUNES,205.212,7468,32.14,98.4,0.699,11.36,23186.35882,20061.11119,12939.48,
Bariri,3505203,baririense,ABELARDO MAURICIO MARTINS SIMOES FILHO,444.405,35558,71.14,96.3,0.750,9.98,103011.58401,92915.84917,33185.53,
Barra Bonita,3505302,barra-bonitense,JOSE LUIS RICI,150.121,36126,235.12,99.8,0.788,13.42,115636.20768,103440.0716,35500.64,
Barra do Chap&eacute;u,3505351,barrense,IVANIL NORBERTO PEREIRA NOLASCO,405.681,5760,12.93,96.9,0.660,27.78,15358.93517,16455.13088,14278.54,
Barra do Turvo,3505401,barra-turvense,JEFFERSON LUIZ MARTINS,1007.684,7632,7.67,95.6,0.641,12.05,35549.80915,32005.27199,11840.74,
Barretos,3505500,barretense,PAULA OLIVEIRA LEMOS,1566.161,122833,71.60,97.8,0.789,14.57,526127.69013,543578.56644,40046.22,
Barrinha,3505609,barrinhense,JOSE MARCOS MARTINS,146.025,33180,195.66,97.5,0.725,8.51,81349.19113,72594.76774,15960.29,
Barueri,3505708,barueriense,RUBENS FURLAN,65.701,276982,3665.21,97.8,0.786,8.47,2741826.70456,2450130.78723,186382.33,
Bastos,3505807,bastense,MANOEL IRONIDES ROSA,170.912,20953,118.95,98.5,0.751,10.34,59380.25797,50419.74043,45791.98,
Batatais,3505906,batataense,LUIS FERNANDO BENEDINI GASPAR JUNIOR,849.526,62980,66.48,97.7,0.761,14.75,174113.85633,157203.01525,25636.34,
Bauru,3506003,bauruense,SUELLEN SILVA ROSIM,667.684,379297,515.12,96.9,0.801,12.98,1302951.88209,1172323.48483,39121.44,
Bebedouro,3506102,bebedourense,LUCAS GIBIN SEREN,683.192,77555,109.81,98.5,0.780,9.88,218201.19978,262944.13955,43191.17,
Bento de Abreu,3506201,bento-abreuense,JOS&Eacute; LUIZ MAREGA,301.687,3005,8.87,97.9,0.744,32.26,18357.07305,16170.83182,56699.61,
Bernardino de Campos,3506300,bernardinense,WILSON JOSE GARCIA,244.158,11158,44.12,98.3,0.734,20.27,32647.22923,29495.33563,19777.19,
Bertioga,3506359,bertioguense,CAIO ARIAS MATHEUS,491.546,64723,97.21,98.1,0.730,16.27,429374.28458,349538.46811,27384.29,
Bilac,3506409,bilaquense,VITOR OSMAR BOTINI,158.025,8117,44.63,99,0.768,26.67,29925.48339,25293.08059,24284.98,
Birigui,3506508,biriguiense,LEANDRO MAFFEIS MILANI,530.031,124883,204.79,98,0.780,14.67,363952.17165,350718.05117,27268.69,
Biritiba Mirim,3506607,biritibano,CARLOS ALBERTO TAINO JUNIOR,317.406,32936,90.03,97.7,0.712,15.23,68006.67889,64012.43166,21320.35,
Boa Esperan&ccedil;a do Sul,3506706,boa-esperancense,JOS&Eacute; MANOEL DE SOUZA,690.748,15018,19.75,96,0.681,17.65,51604.80184,40190.62552,20877.23,
Bocaina,3506805,bocainense,MARCO ANTONIO GIRO,363.926,12452,29.84,99.3,0.742,32.00,37931.81899,37442.81588,17819.21,
Bofete,3506904,bofetense,CLAUDECIO JOSE EBURNEO,653.541,11921,14.72,95.1,0.705,8.06,38598.94168,32955.07294,16223.00,
Boituva,3507001,boituvense,EDSON JOS&Eacute; MARCUSSO,248.954,62170,194.07,98.7,0.780,11.10,198057.02674,190516.18094,39829.36,
Bom Jesus dos Perd&otilde;es,3507100,perdoense,BENEDITO RODRIGUES DA SILVA FILHO,108.366,25985,181.87,97.7,0.713,12.16,82258.02662,67840.87637,36485.98,
Bom Sucesso de Itarar&eacute;,3507159,bom sucessiense,VANDERLEIA APARECIDA DOS SANTOS SOUZA,133.578,3984,26.73,98.3,0.660,14.29,16854.96935,14893.40022,15972.41,
Bor&aacute;,3507209,boraense,LUIZ CARLOS RODRIGUES,118.951,838,6.80,94.6,0.746,-,12701.99598,9773.39024,84796.15,
Borac&eacute;ia,3507308,boraceense,VALDIR DE SOUZA MELO,122.110,4868,34.95,99.3,0.754,18.18,24639.33308,22244.8319,80228.55,
Borborema,3507407,borboremense,VLADIMIR ANTONIO ADABO,552.256,16164,26.31,98.3,0.730,13.25,47433.25277,41630.90222,23374.91,
Borebi,3507456,borebiense,ANDERSON PINHEIRO DE GOES,347.989,2683,6.59,99.5,0.705,55.56,18631.30925,15685.80692,24905.82,
Botucatu,3507506,botucatuense,M&Aacute;RIO EDUARDO PARDINI AFFONSECA,1482.642,148130,85.88,97.8,0.800,13.99,401443.76209,348097.99717,31925.21,
Bragan&ccedil;a Paulista,3507605,bragantino,JESUS ADIB ABI CHEDID,512.584,170533,286.26,97,0.776,8.54,474355.06722,419569.18644,37813.45,
Bra&uacute;na,3507704,braunense,HEITOR VERDU,195.176,5741,25.70,98.6,0.737,15.63,20303.16854,17049.80737,17435.66,
Brejo Alegre,3507753,brejoalegrense,RAFAEL ALVES DOS SANTOS,105.689,2889,24.41,95.9,0.710,28.57,20227.97667,17945.73318,29271.06,
Brodowski,3507803,brodosquiano,JOSE LUIZ PEREZ,278.458,25277,75.80,97.5,0.755,9.09,78111.5528,68887.22289,27203.14,
Brotas,3507902,brotense,LEANDRO CORR&Ecirc;A,1101.373,24636,19.59,99.1,0.740,7.33,94406.93639,80495.01377,27225.67,
Buri,3508009,buriense,OMAR YAHYA CHAIN,1196.462,19965,15.52,98.5,0.667,13.16,74241.65561,61416.11714,20905.86,
Buritama,3508108,buritamense,RODRIGO ZACARIAS DOS SANTOS,326.921,17281,47.19,96.7,0.763,5.59,78465.55996,60923.04761,37385.31,
Buritizal,3508207,buritinense,DANIEL SARRETA,266.420,4514,15.21,99.4,0.735,55.56,26483.07913,22451.55903,40019.23,
Cabr&aacute;lia Paulista,3508306,cabraliense,ODEMIL ORTIZ DE CAMARGO,239.974,4243,18.19,97.5,0.694,38.46,19157.79667,15972.61734,19260.49,
Cabre&uacute;va,3508405,cabreuvano,ANTONIO CARLOS MANGINI,260.234,50429,159.87,97.3,0.738,16.62,206809.22618,192730.91119,95518.16,
Ca&ccedil;apava,3508504,ca&ccedil;apavense,P&Eacute;TALA GON&Ccedil;ALVES LACERDA,368.990,95018,229.66,98,0.788,9.50,245450.23084,222305.83405,46192.50,
Cachoeira Paulista,3508603,cachoeirense,ANTONIO CARLOS MINEIRO,287.990,33581,104.49,98,0.764,17.33,88016.7067,78329.61452,18401.78,
Caconde,3508702,cacondense,JO&Atilde;O FILIPE MUNIZ BASILLI,468.214,19009,39.44,97.7,0.720,14.15,52754.87491,48676.07968,18846.16,
Cafel&acirc;ndia,3508801,cafelandense,TAIS FERNANDA MAIMONI CONTIERI SANTANA,920.280,17843,18.05,96.7,0.742,8.89,62054.66542,58718.12186,28550.67,
Caiabu,3508900,caiabuense,SUELEN NARA MATOS MATIVE,253.352,4193,16.11,98.9,0.729,20.83,17842.45456,15597.89667,13893.64,
Caieiras,3509007,caieirense,GILMAR SOARES VICENTE,97.642,102775,900.37,94.8,0.781,7.54,290687.07539,237564.95633,35517.31,
Caiu&aacute;,3509106,caiuense,RUTE ALMEIDA DOS SANTOS LIMA,551.159,5946,9.16,99.3,0.697,46.51,30250.15624,26171.0968,13036.29,
Cajamar,3509205,cajamarense,DANILO BARBOSA MACHADO,131.386,77934,488.18,96.5,0.728,13.52,447553.50022,386498.4297,224359.59,
Cajati,3509254,cajatiense,LUCIVAL JOS&Eacute; CORDEIRO,454.436,28494,62.43,98.4,0.694,10.06,101869.79444,84204.3461,50776.98,
Cajobi,3509304,cajobiense,GUSTAVO SEBASTI&Atilde;O DA COSTA,176.929,10596,55.22,99.7,0.734,10.42,32487.39429,30216.52334,14873.72,
Cajuru,3509403,cajuruense,ALEX MORETINI,660.088,26393,35.41,97.1,0.713,11.73,67029.45859,59784.761,22061.52,
Campina do Monte Alegre,3509452,campinomontealegrense,GIL VICENTE DE OLIVEIRA JUNIOR,184.479,6057,30.09,97.5,0.717,26.67,22714.434,19475.58047,18135.71,
Campinas,3509502,campineiro,DARIO JORGE GIOLO SAADI,794.571,1213792,1359.60,96,0.805,8.88,4614990.76219,4719975.68304,51417.44,
Campo Limpo Paulista,3509601,campo-limpense,LUIZ ANTONIO BRAZ,79.403,85541,932.92,96.7,0.769,11.35,189590.27143,163427.27489,25211.06,
Campos do Jord&atilde;o,3509700,jordanense,MARCELO PADOVAN,289.981,52405,164.76,97.1,0.749,7.82,196829.83668,180378.79266,24107.48,
Campos Novos Paulista,3509809,campos-novense,FLAVIO FERMINO EUFLAUZINO,484.199,4997,9.38,97.9,0.706,25.97,21740.4125,19664.72806,28746.56,
Canan&eacute;ia,3509908,cananeiense,ROBSON DA SILVA LEONEL,1237.354,12541,9.86,97.3,0.720,10.53,53312.48738,47260.34112,23977.74,
Canas,3509957,canense,SILVANA KOMEIH DA SILVA ZANIN,53.261,5204,82.33,98.3,0.704,47.06,22047.3792,20464.71278,20623.06,
C&acirc;ndido Mota,3510005,c&acirc;ndido-motense,ERALDO JOS&Eacute; PEREIRA,595.811,31346,50.12,98.2,0.747,14.84,119067.47623,91800.50762,37372.60,
C&acirc;ndido Rodrigues,3510104,c&acirc;ndido-rodriguense,FABRICIO ANTONIO RONCOLLI,70.892,2799,37.94,99,0.789,47.62,18557.95683,14177.40555,35917.03,
Canitar,3510153,canitarense,JOEL RODRIGUES,57.459,5292,76.34,96.1,0.680,28.57,19723.73873,17007.02541,36713.02,
Cap&atilde;o Bonito,3510203,cap&atilde;o-bonitense,JULIO FERNANDO GALV&Atilde;O DIAS,1640.230,47118,28.15,98.7,0.721,8.97,135940.40296,122482.96613,19221.42,
Capela do Alto,3510302,capelense,P&Eacute;RICLES GON&Ccedil;ALVES,169.890,20985,103.20,96.5,0.699,14.04,59751.63173,51831.96495,13344.01,
Capivari,3510401,capivariano,VITOR HUGO RICCOMINI,322.878,56379,150.45,97.3,0.750,16.13,211476.50331,192162.05772,37353.40,
Caraguatatuba,3510500,caraguatatubense,JOS&Eacute; PEREIRA DE AGUILAR J&Uacute;NIOR,484.947,123389,207.88,97.7,0.759,13.09,671648.92887,595360.9078,27802.88,
Carapicu&iacute;ba,3510609,carapicuibano,MARCO AURELIO DOS SANTOS NEVES,34.546,403183,10698.32,96.2,0.749,10.77,441907.33186,416067.26676,14413.33,
Cardoso,3510708,cardosense,JAIR CESAR NATTES,639.248,12349,18.45,96.8,0.722,14.29,46308.23775,40320.40495,20770.49,
Casa Branca,3510807,casa-branquense,MARCO C&Eacute;SAR DE PAIVA AGA,864.225,30520,32.76,96.9,0.730,6.33,97518.96221,92693.25741,27488.44,
C&aacute;ssia dos Coqueiros,3510906,cassiano,EUR&Iacute;PEDES JORGE DA ROCHA FILHO,191.683,2505,13.74,99.5,0.734,47.62,15898.76893,12999.7879,58581.94,
Castilho,3511003,castilhense,PAULO DUARTE BOAVENTURA,1065.318,21267,16.89,99.1,0.731,24.39,87054.28444,77169.98419,41708.15,
Catanduva,3511102,catanduvense,OSVALDO DE OLIVEIRA ROSA,290.596,122497,388.24,98.1,0.785,8.14,461372.42056,403700.92796,34611.18,
Catigu&aacute;,3511201,catig&uuml;ense,CLAUDEMIR JOSE GRAVA,148.393,7855,48.03,98.4,0.751,10.75,21266.27659,19437.58657,15079.11,
Cedral,3511300,cedralense,PAULO RICARDO BEOLCHI DE LUCAS,197.838,9346,40.33,98.7,0.766,19.61,37763.92539,30960.82651,34238.37,
Cerqueira C&eacute;sar,3511409,cerqueirense,DIEGO AUGUSTO BERTI CINTO,511.621,20191,34.27,98.2,0.729,4.10,75974.89702,64272.7041,30605.21,
Cerquilho,3511508,cerquilhense,ALDOMIR JOS&Eacute; SANSON,127.803,49802,309.98,99.6,0.782,5.96,165449.81452,138709.53714,38133.41,
Ces&aacute;rio Lange,3511607,cesariano-lange,RONALDO PAIS DE CAMARGO,190.392,18375,81.46,96.3,0.706,21.28,56792.8307,53413.86635,24128.03,
Charqueada,3511706,charqueadense,RODRIGO DE ARRUDA,175.846,17367,85.79,97.9,0.736,19.42,44565.50282,38588.50552,20806.95,
Clementina,3511904,clementinense,NELSON CASULA,168.590,8757,41.85,98,0.725,8.55,28839.28053,25236.84461,25945.35,
Colina,3512001,colinense,DIAB TAHA,422.303,18535,41.11,98.4,0.757,8.10,80672.11148,69472.46161,60218.14,
Col&ocirc;mbia,3512100,colombiense,JULIO CESAR DOS SANTOS,728.648,6216,8.22,99.2,0.710,11.76,43935.22451,38618.76712,53207.43,
Conchal,3512209,conchalense,LUIZ VANDERLEI MAGNUSSON,182.793,28273,138.02,96.7,0.708,12.20,100960.50997,86413.17651,24884.49,
Conchas,3512308,conchense,JULIO TOMAZELA NETO,466.120,18019,34.95,97.6,0.736,9.62,54724.10202,50645.58986,19830.73,
Cordeir&oacute;polis,3512407,cordeiropolense,JOS&Eacute; ADINAN ORTOLAN,137.579,24826,153.22,96.7,0.758,3.55,142098.6848,121672.31628,116519.63,
Coroados,3512506,coroadense,TEREZINHA APARECIDA CASTILHO VARONI,246.825,6129,21.26,98.3,0.719,13.89,20830.3842,18406.57198,27648.49,
Coronel Macedo,3512605,macedense,JOS&Eacute; ROBERTO SANTINONI VEIGA,303.830,4635,16.45,99.1,0.690,18.52,22729.31678,18982.06845,16258.72,
Corumbata&iacute;,3512704,corumbataiense,LEANDRO MARTINEZ,278.622,4064,13.90,97,0.754,18.87,25285.25506,23448.37991,61418.68,
Cosm&oacute;polis,3512803,cosmopolense,ANTONIO CLAUDIO FELISBINO JUNIOR,154.665,73474,380.37,98,0.769,10.83,171948.44395,148441.59284,22410.36,
Cosmorama,3512902,cosmoramense,LUIS FERNANDO GON&Ccedil;ALVES,441.680,7298,16.33,97.9,0.722,33.33,30778.34102,25647.12509,45912.53,
Cotia,3513009,cotiano,ROG&Eacute;RIO CARDOSO FRANCO,323.994,253608,620.81,97.5,0.780,7.42,795242.86637,720866.57794,51225.49,
Cravinhos,3513108,cravinhense,ITAMAR GOMES BUENO,311.423,35579,101.77,98.1,0.756,12.44,131080.58595,111134.667,34165.63,
Cristais Paulista,3513207,cristalense,KATIUSCIA DE PAULA LEONARDO MENDES,385.230,8718,19.70,98.2,0.734,16.53,29472.10652,25481.63482,22617.10,
Cruz&aacute;lia,3513306,cruzaliense,ARILDO OSMAR DE MORO,149.330,2046,15.26,97.8,0.774,43.48,16229.07926,14631.8345,49778.13,
Cruzeiro,3513405,cruzeirense,THALES GABRIEL FONSECA,305.699,82571,252.01,97.6,0.788,14.05,165655.53621,147348.17894,29743.19,
Cubat&atilde;o,3513504,cubatense,ADEMARIO DA SILVA OLIVEIRA,142.879,131626,830.91,98,0.737,13.58,1181573.22046,985154.1083,101597.09,
Cunha,3513603,cunhense,JOS&Eacute; &Eacute;DER GALDINO DA COSTA,1407.250,21459,15.54,98,0.684,4.15,55363.08474,51329.50024,11971.43,
Descalvado,3513702,descalvadense,ANTONIO CARLOS RESCHINI,753.706,33910,41.20,98.6,0.760,8.36,112355.68803,92575.65685,47327.80,
Diadema,3513801,diademense,JOS&Eacute; DE FILIPPI J&Uacute;NIOR,30.732,426757,12536.99,96.8,0.757,12.41,1243622.6929,1212704.15444,34855.75,
Dirce Reis,3513850,dircense,JO&Atilde;O CARLOS RAINHO,88.133,1799,19.12,100,0.741,111.11,15516.84756,12939.80784,32133.62,
Divinol&acirc;ndia,3513900,divinolandense,ANTONIO DE PADUA AQUISTI,223.749,11086,50.46,98.6,0.734,8.62,41501.13217,31180.57134,24940.84,
Dobrada,3514007,dobradense,ANTONIO CARLOS DE MATTOS SANTOS,149.729,9010,53.02,99.5,0.718,16.67,22281.17032,18909.98197,13045.55,
Dois C&oacute;rregos,3514106,dois-correguense,RUY DIOMEDES FAVARO,632.972,27512,39.12,96.7,0.725,11.98,79488.72696,69736.72159,23896.69,
Dolcin&oacute;polis,3514205,dolcinopolense,AMERICO RIBEIRO DO NASCIMENTO,77.939,2112,26.76,100,0.742,-,13251.7967,9814.63877,21845.64,
Dourado,3514304,douradense,GINO JOSE TORREZAN,205.874,8878,41.82,100,0.738,31.25,32243.42162,27453.7845,70723.95,
Dracena,3514403,dracenense,ANDR&Eacute; KOZAN LEMOS,487.688,47043,88.64,98.2,0.776,10.18,119375.78421,109360.69292,25779.84,
Duartina,3514502,duartinense,ADERALDO PEREIRA DE SOUZA JUNIOR,264.557,12433,46.31,98.3,0.748,6.80,42598.5894,34796.01249,19047.83,
Dumont,3514601,dumonense,ALAN FRANCISCO FERRACINI,111.376,10023,73.13,97.6,0.744,9.71,29559.19567,25846.89081,23587.84,
Echapor&atilde;,3514700,echaporense,LUIS GUSTAVO EVANGELISTA,515.258,6064,12.26,98.8,0.745,24.69,25858.75298,21629.41985,20426.97,
Eldorado,3514809,eldoradense,DINOEL PEDROSO ROCHA,1654.256,15544,8.85,97.3,0.691,14.56,45711.82871,39754.67225,20795.32,
Elias Fausto,3514908,elias-faustense,MAURICIO BARONI BERNARDINETTI,202.360,17936,77.83,97.3,0.695,14.42,56795.78942,52155.79784,40144.54,
Elisi&aacute;rio,3514924,elisiarense,CASSIO ROBERTO BERTELLI,93.980,3697,33.20,98.6,0.747,26.32,17787.07463,15070.41166,17685.00,
Emba&uacute;ba,3514957,embaubense,NERCILIO PINHEIRO DA SILVA,83.129,2449,29.15,100,0.730,55.56,17245.91596,14037.84829,21238.83,
Embu das Artes,3515004,embuense,CLAUDINEI ALVES DOS SANTOS,70.398,276535,3412.89,96.8,0.735,11.41,619272.82744,559806.58715,48914.66,
Embu-Gua&ccedil;u,3515103,embu-gua&ccedil;uense,JOSE ANTONIO PEREIRA,155.641,69901,403.32,97.1,0.749,5.95,146776.5067,127155.69309,16293.33,
Emilian&oacute;polis,3515129,emilian&oacute;polense,JO&Atilde;O BATISTA AMARAL,225.167,3227,13.45,97.3,0.727,25.00,16099.47556,13958.66666,19284.00,
Engenheiro Coelho,3515152,engenheiro coelhense,ZEEDIVALDO ALVES DE MIRANDA,109.941,21249,142.99,98.5,0.732,7.35,54941.01639,50224.9802,32701.36,
Esp&iacute;rito Santo do Pinhal,3515186,pinhalense,CRISTINA DO CARMO BRAND&Atilde;O BUENO DOMINGUES,389.235,44471,107.61,97.9,0.787,4.18,109535.81675,98304.15753,32436.36,
Esp&iacute;rito Santo do Turvo,3515194,esp&iacute;rito santense,AFONSO NASCIMENTO NETO,193.666,4878,21.92,97.4,0.696,45.45,20621.28969,17942.54007,16466.12,
Estrela d'Oeste,3515202,estrelense,MARCOS ANT&Ocirc;NIO SAES LOPES,296.281,8419,27.69,99,0.760,18.35,35526.62856,32891.95349,74377.84,
Estrela do Norte,3515301,estrelense,DEHON APARECIDO TOSO,264.987,2770,10.09,98.9,0.740,27.78,16898.17931,14342.14864,18316.56,
Euclides da Cunha Paulista,3515350,euclidense,DOMINGOS MENTE LOPES,573.894,9325,16.66,98.5,0.704,27.27,29092.25561,26471.53319,16893.29,
Fartura,3515400,farturense,LUCIANO PERES,429.171,16070,35.70,97.4,0.732,5.00,49079.06304,43959.59744,23162.82,
Fernand&oacute;polis,3515509,fernandopolense,ANDR&Eacute; GIOVANNI PESSUTO C&Acirc;NDIDO,549.797,69402,117.62,99.4,0.797,17.65,199250.69195,174683.38965,29148.74,
Fernando Prestes,3515608,fernando-prestense,RODRIGO RAVAZZI,169.990,5794,32.43,96.5,0.758,14.93,22629.27511,19679.36307,33167.17,
Fern&atilde;o,3515657,fern&atilde;oense,JOS&Eacute; VALENTIM FODRA,100.504,1727,15.51,99.1,0.703,55.56,16383.49427,11484.03755,29359.98,
Ferraz de Vasconcelos,3515707,ferrazense,PRISCILA CONCEICAO GAMBALE VIEIRA MATOS,29.564,196500,5692.55,97.6,0.738,11.03,323758.51022,267262.32101,16344.03,
Flora Rica,3515806,flora-riquense,GILBERTO SANCHES GOMES,224.711,1430,7.78,99.1,0.727,45.45,14076.60941,12147.19562,25329.16,
Floreal,3515905,florealense,NORIVAL FRANCISCO GARCIA JUNIOR,204.236,2900,14.70,96.2,0.747,55.56,21076.83759,17439.96057,21806.07,
Fl&oacute;rida Paulista,3516002,floridense,WILSON FR&Oacute;IO JUNIOR,524.138,14790,24.47,98.9,0.715,23.08,36645.52178,31878.61943,14264.37,
Flor&iacute;nea,3516101,florinense ou florineano,PAULO EDUARDO PINTO,225.886,2653,12.54,96.6,0.713,25.00,19383.35856,16583.3992,50422.89,
Franca,3516200,francano,ALEXANDRE AUGUSTO FERREIRA,605.679,355901,526.09,98.2,0.780,8.80,720800.10493,693764.86769,28518.78,
Francisco Morato,3516309,moratense,RENATA TORRES DE SENE,49.001,177633,3147.80,95.8,0.703,10.93,322463.64999,283061.88222,8719.40,
Franco da Rocha,3516408,franco-rochense,NIVALDO DA SILVA SANTOS,132.775,156492,980.95,95.7,0.731,14.24,323543.70556,283285.64064,19650.05,
Gabriel Monteiro,3516507,monteirense,VANDERLEI ANTONINHO MENDON&Ccedil;A,138.681,2776,19.55,99.7,0.763,40.00,15779.89789,13892.2692,26699.71,
G&aacute;lia,3516606,galiense,RENATO INACIO GON&Ccedil;ALVES,355.914,6482,19.69,97,0.709,38.46,24207.35271,20712.8507,21643.97,
Gar&ccedil;a,3516705,garcense,JO&Atilde;O CARLOS DOS SANTOS,555.807,44409,77.60,98.1,0.769,16.98,154647.85578,136606.83684,26874.37,
Gast&atilde;o Vidigal,3516804,vidigalense,SEBASTI&Atilde;O FELISBERTO FERNANDES,180.569,4860,23.17,96.6,0.723,45.45,19004.98059,15221.79347,16095.70,
Gavi&atilde;o Peixoto,3516853,gavionense,ADRIANO MAR&Ccedil;AL DA SILVA,243.766,4815,18.13,98.7,0.719,14.49,45966.25853,37048.95802,186287.72,
General Salgado,3516903,salgadense,MAURO GILBERTO FANTINI,494.376,10862,21.63,98.5,0.747,8.20,42540.83689,44198.69202,22848.77,
Getulina,3517000,getulinense,ANT&Ocirc;NIO CARLOS MAIA FERREIRA,676.755,11447,15.86,99.4,0.717,10.00,31784.07308,27480.55568,16284.53,
Glic&eacute;rio,3517109,glicerense,ILDO DE SOUZA,272.800,4829,16.69,98.5,0.735,15.38,21450.50411,18523.22084,21142.62,
Guai&ccedil;ara,3517208,guai&ccedil;arense,BRUNO FLORIANO DE OLIVEIRA,277.154,12294,39.35,98.4,0.739,12.50,34948.99189,29777.61906,16298.89,
Guaimb&ecirc;,3517307,guaimbeense,MARCIA HELENA PEREIRA CABRAL ACHILLES,217.811,5785,24.88,99,0.728,11.24,23824.10387,19316.37921,13163.82,
Gua&iacute;ra,3517406,guairense,JOSE EDUARDO COSCRATO LELIS,1258.465,41040,29.72,97.8,0.753,6.26,184411.25061,156565.54772,80169.84,
Guapia&ccedil;u,3517505,guapia&ccedil;uense,JEAN CARLOS VETORASSO,325.126,21775,55.00,98,0.725,4.17,77410.71367,61872.92947,26008.59,
Guapiara,3517604,guapiense,JOS&Eacute; MATHEUS RODOLFO DE FREITAS,408.292,17025,44.08,96.7,0.675,36.76,50172.88751,44567.50092,18874.32,
Guar&aacute;,3517703,guaraense,VINICIUS MAGNO FILGUEIRA,362.183,21308,54.78,98,0.718,4.17,64882.21666,54904.99999,20804.61,
Guara&ccedil;a&iacute;,3517802,guara&ccedil;aiense,AIRTON JOSE GOMES,569.197,8290,14.80,98,0.719,42.25,30110.64922,25902.89786,32770.40,
Guaraci,3517901,guaraciense,RENATO AZEDA RIBEIRO DE AGUIAR,641.501,11287,15.55,97,0.737,16.26,52473.47949,47172.14591,29683.17,
Guarani d'Oeste,3518008,guaraniense,NILSON TIMPORIM CAFFER,85.700,1998,23.03,95.6,0.732,50.00,15147.01797,11610.59837,17755.48,
Guarant&atilde;,3518107,guarant&atilde;ense,MARCOS ROBERTO FRUGERI,461.746,6675,13.89,98.9,0.713,44.12,23152.79477,18916.66553,26176.16,
Guararapes,3518206,guararapense,TAREK DARGHAM,955.637,33100,31.99,99.6,0.763,10.81,93651.17078,86915.60146,27764.52,
Guararema,3518305,guararemense,JOS&Eacute; LUIZ EROLES FREIRE,270.816,30136,95.43,97.3,0.731,9.85,165358.38094,161319.60779,47997.77,
Guaratinguet&aacute;,3518404,guaratinguetaense,MARCUS AUGUSTIN SOLIVA,752.636,122505,148.91,97.8,0.798,13.79,314633.14171,304895.53466,46849.29,
Guare&iacute;,3518503,guareiense,JOS&Eacute; AMADEU DE BARROS,567.884,18887,25.72,96.3,0.687,6.58,43590.84558,36441.06027,12279.22,
Guariba,3518602,guaribense,CELSO ANTONIO ROMANO,270.289,40487,131.29,97.3,0.719,9.96,112249.84688,94828.85351,22657.16,
Guaruj&aacute;,3518701,guarujaense,VALTER SUMAN,144.794,322750,2026.80,95.9,0.751,18.51,1349179.76078,1153554.18582,27031.81,
Guarulhos,3518800,guarulhense,GUSTAVO HENRIC COSTA,318.675,1392121,3834.51,97.1,0.763,11.59,4189490.67768,3985438.68069,44897.70,
Guatapar&aacute;,3518859,guataparaense,JURACY COSTA DA SILVA,413.567,7709,16.84,99.1,0.743,18.18,32270.6323,26671.09258,28000.56,
Guzol&acirc;ndia,3518909,guzolandense,MARCIO LUIS CARDOSO,252.477,5307,18.86,85.3,0.697,16.13,20936.0177,17601.96305,12594.84,
Hercul&acirc;ndia,3519006,herculandense,PAULO SERGIO DE OLIVEIRA,364.252,9588,23.85,98.4,0.727,9.71,26291.34958,22891.195,33182.41,
Holambra,3519055,holambrense,FERNANDO HENRIQUE CAPATO,65.577,15272,172.30,98.8,0.793,4.67,77486.37455,67934.48903,66537.66,
Hortol&acirc;ndia,3519071,hortolandense,ANGELO AUGUSTO PERUGINI,62.416,234259,3094.16,97.5,0.756,8.08,780150.07223,674186.19628,57691.75,
Iacanga,3519105,iacanguense,ELI DONISETI CARDOSO,547.393,11858,18.29,96.7,0.745,7.63,48461.83495,41283.8993,37023.57,
Iacri,3519204,iacriano,CARLOS ALBERTO FREIRE,321.948,6295,19.90,99.4,0.733,17.86,20293.12789,17172.47081,30157.75,
Iaras,3519253,iarense,MARCOS JOS&Eacute; ROSA,401.381,9517,15.89,98.5,0.674,54.05,26898.17696,23493.36282,17031.66,
Ibat&eacute;,3519303,ibateense,JOS&Eacute; LUIZ PARELLA,290.978,35472,105.74,97.6,0.703,3.98,90979.69721,82515.37296,24454.14,
Ibir&aacute;,3519402,ibiraense,EDVARD ALBERTO COLOMBO,271.912,12518,40.07,98.4,0.740,13.70,40858.64405,37142.19875,20475.08,
Ibirarema,3519501,ibiraremense,JOSE BENEDITO CAMACHO,228.230,7841,29.45,97.4,0.708,29.85,27436.90193,23891.56961,23951.10,
Ibitinga,3519600,ibitinguense,CRISTINA MARIA KALIL ARANTES,689.391,60600,77.12,95.8,0.747,13.48,145376.47271,134351.73134,25630.47,
Ibi&uacute;na,3519709,ibiunense,PAULO KENJI SASAKI,1058.082,79479,67.31,95.8,0.710,12.74,199573.19264,184089.2641,21746.50,
Ic&eacute;m,3519808,icense,OSCAR LUIZ CORREA CUNHA,362.355,8304,20.58,98.5,0.720,27.27,35974.86526,33595.75417,21243.20,
Iep&ecirc;,3519907,iepense,MURILO NOBREGA CAMPOS,594.974,8194,12.81,97.9,0.736,19.42,34905.48075,30166.2191,30435.64,
Igara&ccedil;u do Tiet&ecirc;,3520004,iguara&ccedil;uense,RICARDO VERPA COSTA DA SILVA,97.747,24749,239.07,98.8,0.727,20.76,65624.76233,59175.84358,12335.36,
Igarapava,3520103,igarapavense,JOSE RICARDO RODRIGUES MATTAR,468.355,30614,59.70,97.8,0.768,6.71,90033.56975,82825.3599,39002.62,
Igarat&aacute;,3520202,igaratense,ELZO ELIAS DE OLIVEIRA SOUZA,292.953,9583,30.14,99.1,0.711,8.20,42457.14188,38532.21607,19049.08,
Iguape,3520301,iguapense,WILSON ALMEIDA LIMA,1978.795,30989,14.58,99.5,0.726,32.79,104794.14181,89269.86164,38078.83,
Ilhabela,3520400,ilhabelense,ANTONIO LUIZ COLUCCI,346.389,35591,81.13,98.3,0.756,9.43,635442.14033,417017.91236,419457.22,
Ilha Comprida,3520426,ilha compridense,GERALDINO BARBOSA DE OLIVEIRA JUNIOR,196.567,11362,47.01,98.2,0.725,6.29,93861.35487,93029.52622,122204.12,
Ilha Solteira,3520442,ilhense,OT&Aacute;VIO AUGUSTO GIANTOMASSI GOMES,652.641,26788,38.42,99.3,0.812,14.04,129475.89823,111432.11982,23525.05,
Indaiatuba,3520509,indaiatubano,NILSON ALCIDES GASPAR,311.545,256223,646.11,98.2,0.788,9.70,1136120.63336,959512.37517,63166.46,
Indiana,3520608,indianense,WHESLEN THIEGO SCAIONE CACHOEIRA,129.367,4879,38.11,98,0.761,18.18,16701.6143,15678.78153,13109.17,
Indiapor&atilde;,3520707,indiapor&atilde;ense,ADERITO CAMARGO FERREIRA DA SILVA,279.606,3886,13.96,98.5,0.751,20.41,21291.88555,18982.09407,24449.85,
In&uacute;bia Paulista,3520806,inubense,JO&Atilde;O SOARES DOS SANTOS,87.119,4019,41.53,98.3,0.759,-,16473.58183,14359.47921,34888.10,
Ipaussu,3520905,ipau&ccedil;uense,SERGIO GALVANIN GUIDIO FILHO,209.554,15069,65.17,97.9,0.727,15.71,47999.30933,42594.93842,25086.47,
Iper&oacute;,3521002,iperoense,LEONARDO ROBERTO FOLIM,170.289,37964,166.20,98.9,0.719,11.49,91127.24315,82686.38315,17873.00,
Ipe&uacute;na,3521101,ipeunense,DIEGO HERON PINHEIRO,190.010,7687,31.66,98.8,0.753,9.62,30813.47041,26383.76638,94080.97,
Ipigu&aacute;,3521150,ipiguaense,EFRAIM GARCIA LOPES,136.028,5476,32.89,98.5,0.730,20.00,22996.58464,18141.67521,20253.65,
Iporanga,3521200,iporanguense,ALESSANDRO MENDES RODRIGUES,1152.059,4199,3.73,97.3,0.703,17.54,22215.41828,19385.15534,12098.74,
Ipu&atilde;,3521309,ipu&atilde;nense,RONYWERTON MARCELO ALVES PEREIRA,466.461,16604,30.37,98,0.749,10.53,59873.28611,54485.04373,22139.12,
Iracem&aacute;polis,3521408,iracemapolense,NELITA CRISTINA MICHEL FRANCESCHINI,115.118,24614,173.99,95.7,0.776,8.62,78956.61562,76107.80334,83477.19,
Irapu&atilde;,3521507,irapuense,RENI APARECIDA DA SILVA,257.612,8048,28.21,97.9,0.713,12.50,23318.09912,20794.86392,19748.75,
Irapuru,3521606,irapuruense,ADEMAR CALEG&Atilde;O,214.461,8325,36.24,95.1,0.712,25.00,20510.70134,18151.40176,10659.85,
Itaber&aacute;,3521705,itaberaense,ALEX ROG&Eacute;RIO CAMARGO DE LACERDA,1100.247,17480,16.08,97.9,0.693,32.26,58975.34391,52125.4518,29569.70,
Ita&iacute;,3521804,itaiense,JOSE RAMIRO ANTUNES DO PRADO,1092.884,27382,22.17,97.9,0.713,3.03,99937.16476,76142.01532,22376.97,
Itajobi,3521903,itajobiense,SIDIOMAR UJAQUE,502.066,15297,28.99,94.9,0.730,17.24,77701.93202,63681.73156,105038.02,
Itaju,3522000,itajuense,JERRI DE SOUZA NEIVA,230.355,3887,14.12,98.7,0.705,31.25,18533.45513,15729.53704,23089.26,
Itanha&eacute;m,3522109,itanhaense,TIAGO RODRIGUES CERVANTES,601.711,103102,144.69,97.5,0.745,7.20,399005.3954,378386.3151,18763.24,
Itaoca,3522158,itaoquense,FREDERICO DIAS BATISTA,183.015,3330,17.64,98.8,0.680,47.62,17318.47582,16178.57517,12416.89,
Itapecerica da Serra,3522208,itapecericano,FRANCISCO TADAO NAKANO,150.742,177662,1011.57,96.8,0.742,10.39,427264.50588,366304.84686,21079.61,
Itapetininga,3522307,itapetingano,SIMONE APARECIDA CURRALADAS DOS SANTOS,1789.350,165526,80.65,96.4,0.763,15.60,448514.17401,426754.60157,29304.81,
Itapeva,3522406,itapevense,MARIO SERGIO TASSINARI,1826.258,94804,48.05,98.4,0.732,8.01,324342.23975,263972.64795,26860.38,
Itapevi,3522505,itapeviense,IGOR SOARES EBERT,82.658,240961,2428.88,96.5,0.735,11.69,716998.9369,533970.66809,51939.22,
Itapira,3522604,itapirense,ANTONIO H&Eacute;LIO NICOLAI,518.416,75234,132.21,98,0.762,23.66,266467.31633,250340.39636,52565.34,
Itapirapu&atilde; Paulista,3522653,itapirapu&atilde; paulistense,JULIO CESAR DO AMARAL,406.478,4268,9.55,99,0.661,30.30,20170.10041,15842.4124,9994.74,
It&aacute;polis,3522703,itapolitano,VLADIMIR DO CARMO REGGIANI,996.747,43331,40.18,98.4,0.744,13.19,120554.9277,108053.13907,30504.92,
Itaporanga,3522802,itaporanguense,DOUGLAS ROBERTO BENINI,507.997,15173,28.66,97.9,0.719,20.20,32658.74372,34982.69882,21229.91,
Itapu&iacute;,3522901,itapuiense,ANTONIO &Aacute;LVARO DE SOUZA,140.023,14147,86.46,96.5,0.725,32.47,49511.33824,40320.40542,48103.23,
Itapura,3523008,itapurense,FABIO DOURADO,301.653,4951,14.46,98,0.720,25.00,28077.67865,22979.43781,18828.79,
Itaquaquecetuba,3523107,itaquaquecetubense,EDUARDO BOIGUES QUEROZ,82.622,375011,3895.24,96.4,0.714,12.92,628167.67634,573772.86888,19678.54,
Itarar&eacute;,3523206,itarareense,HELITON SCHEIDT DO VALLE,1003.860,50642,47.76,98,0.703,15.55,113321.6603,100270.38884,17452.03,
Itariri,3523305,itaririense,DINAMERICO GON&Ccedil;ALVES PERONI,273.667,17598,56.53,96.4,0.677,12.82,39544.6352,34886.20054,15990.63,
Itatiba,3523404,itatibense,THOMAS ANTONIO CAPELETTO DE OLIVEIRA,322.276,122581,314.90,97.8,0.778,8.54,373051.57991,368195.90964,50811.86,
Itatinga,3523503,itatinguense,JO&Atilde;O BOSCO BORGES,979.817,20921,18.42,98,0.706,3.64,69737.5931,60680.49774,20051.45,
Itirapina,3523602,itirapinense,MARIA DA GRA&Ccedil;A ZUCCHI MORAES,564.603,18387,27.49,97.8,0.724,11.70,69875.11967,63369.74657,22943.13,
Itirapu&atilde;,3523701,itirapu&atilde;nense,GERSON LUIZ ALVES,161.118,6543,36.71,99.1,0.707,28.99,20045.65674,17688.96235,15275.66,
Itobi,3523800,itobiano,JOAQUIM CANDIDO FILHO,138.986,7852,54.20,98.6,0.717,35.71,18360.75407,16579.64617,15939.55,
Itu,3523909,ituano,GUILHERME DOS REIS GAZZOLA,640.719,175568,241.01,94.3,0.773,11.21,629552.20925,530163.51302,45461.13,
Itupeva,3524006,itupevense,MARCO ANTONIO MARCHI,200.816,62813,223.38,97.4,0.762,16.53,256241.78846,225371.51487,112159.24,
Ituverava,3524105,ituveravense,LUIZ ANTONIO DE ARAUJO,704.659,42045,54.87,97.9,0.765,6.24,150382.99356,136066.57043,36651.33,
Jaborandi,3524204,jaborandiense,SILVIO VAZ DE ALMEIDA,273.438,6946,24.11,98.3,0.711,48.39,29164.17778,25815.7643,19946.28,
Jaboticabal,3524303,jaboticabalense,EMERSON RODRIGO CAMARGO,706.602,77652,101.42,97.9,0.778,13.02,291166.46826,269874.44489,37818.06,
Jacare&iacute;,3524402,jacareiense,IZAIAS JOS&Eacute; DE SANTANA,464.272,235416,454.94,98.3,0.777,11.05,915153.68112,795619.47276,54796.98,
Jaci,3524501,jaciense,VALERIA PERPETUO GUIMARAES HENRIQUE,145.133,7196,38.87,97.7,0.723,11.49,28177.56046,23168.48995,56703.27,
Jacupiranga,3524600,jacupiranguense,ROBERTO CARLOS GARCIA,704.189,17889,24.44,97.4,0.717,11.45,49043.22183,42477.18526,29728.97,
Jaguari&uacute;na,3524709,jaguariunense,MARCIO GUSTAVO BERNARDES REIS,141.391,58722,313.37,98,0.784,8.75,380624.36296,302431.47496,205080.73,
Jales,3524808,jalesense,LU&Iacute;S HENRIQUE DOS SANTOS MOREIRA,368.574,49201,127.57,98.9,0.776,9.69,145298.83935,135606.82028,31555.69,
Jambeiro,3524907,jambeirense,CARLOS ALBERTO DE SOUZA,184.413,6717,29.01,97.7,0.756,59.70,31790.23821,27670.64067,36754.00,
Jandira,3525003,jandirense,HENRI HAJIME SATO,17.449,126356,6207.76,96.9,0.760,11.67,52875.34693,235985.83921,32512.79,
Jardin&oacute;polis,3525102,jardinopolense,PAULO JOS&Eacute; BRIGLIADORI,501.870,44970,74.99,97.1,0.735,14.52,129583.75955,120447.74933,25060.21,
Jarinu,3525201,jarinuense,DEBORA CRISTINA DO PRADO BELINELLO,207.549,30617,114.85,98.2,0.733,6.33,111672.99696,107960.03669,85221.43,
Ja&uacute;,3525300,jauense,JORGE IVAN CASSARO,687.103,151881,191.09,97.8,0.778,11.66,384451.35889,361304.59,31855.35,
Jeriquara,3525409,jeriquarense,EDER LUIZ CARVALHO GON&Ccedil;ALVES,141.971,3151,22.26,98,0.703,20.83,17853.98056,15767.01664,26005.63,
Joan&oacute;polis,3525508,joanopolitano,ADAUTO BATISTA DE OLIVEIRA,374.293,13338,31.44,95.8,0.699,7.25,39221.68807,35825.19274,16262.42,
Jo&atilde;o Ramalho,3525607,ramalhense,ADELMO ALVES,415.452,4551,9.99,99.4,0.741,16.13,25663.13317,19048.1281,26890.88,
Jos&eacute; Bonif&aacute;cio,3525706,bonifaciano,DILMO RESENDE DE CARVALHO,860.200,37366,38.10,99,0.777,4.26,103318.53105,85049.46331,36031.70,
J&uacute;lio Mesquita,3525805,j&uacute;lio-mesquitense,TIRSO FERNANDES SOBREIRO JUNIOR,128.183,4800,34.55,97.7,0.716,34.48,18017.77347,16294.30831,10759.02,
Jumirim,3525854,jumirense,DANIEL VIEIRA,56.685,3418,49.36,99.2,0.741,29.41,19564.13502,15938.5812,39671.59,
Jundia&iacute;,3525904,jundiaiense,LUIZ FERNANDO ARANTES MACHADO,431.207,423006,858.42,98.2,0.822,10.55,2111466.92963,1856200.08543,105187.65,
Junqueir&oacute;polis,3526001,junqueiropolense,OSMAR PINATTO,582.565,20831,32.12,96.8,0.745,8.55,67489.3831,60105.34605,28071.57,
Juqui&aacute;,3526100,juquiaense,GILBERTO TADASHI MATSUSUE,812.799,18718,23.68,97.7,0.700,17.99,51990.46401,43324.19616,17394.70,
Juquitiba,3526209,juquitibense,AYRES SCORSATTO,522.169,31646,55.03,98.5,0.709,4.42,79486.51362,73190.19701,16452.82,
Lagoinha,3526308,lagoinhense,TIAGO MAGNO DE OLIVEIRA,255.472,4889,18.95,99,0.693,40.00,18654.63669,15385.31473,11542.06,
Laranjal Paulista,3526407,laranjalense,ALCIDES DE MOURA CAMPOS JUNIOR,384.274,28785,65.75,98.1,0.729,9.04,87439.74193,80132.34929,39397.31,
Lav&iacute;nia,3526506,lavinense,SALVADOR CAZUO MATSUNAKA,537.675,12285,16.33,98.6,0.721,14.49,40123.56455,31920.57164,13500.89,
Lavrinhas,3526605,lavrinhense,JOSE BENEDITO DA SILVA,167.067,7311,39.45,98.5,0.729,30.93,23388.76075,21425.97988,15256.91,
Leme,3526704,lemense,WAGNER RICARDO ANTUNES FILHO,402.871,104346,227.75,97.7,0.744,9.07,321603.55201,282627.06268,31320.57,
Len&ccedil;&oacute;is Paulista,3526803,len&ccedil;oiense,ANDERSON PRADO DE LIMA,809.541,68990,75.88,99,0.764,5.81,277427.36276,209268.7412,38890.38,
Limeira,3526902,limeirense,MARIO CELSO BOTION,580.711,308482,475.32,97.7,0.775,8.01,1030815.94674,900521.4526,43440.26,
Lind&oacute;ia,3527009,lindoiano,LUCIANO FRANCISCO DE GODOI LOPES,48.756,8092,137.67,97.4,0.742,28.57,32919.82535,30620.69173,23184.72,
Lins,3527108,linense,JO&Atilde;O LUIS LOPES PANDOLFI,570.058,78503,124.98,98.4,0.786,10.66,204526.51546,182873.7478,48837.12,
Lorena,3527207,lorenense,SYLVIO BALLERINI,414.160,89125,199.29,97.2,0.766,7.92,203443.38155,187990.75789,32021.36,
Lourdes,3527256,lourdense,ODECIO RODRIGUES DA SILVA,113.940,2300,18.71,98.4,0.742,90.91,14174.37069,12043.96269,17580.34,
Louveira,3527306,louveirense,ESTANISLAU STECK,55.133,49993,673.37,97.3,0.777,15.04,474676.11413,383525.37831,229610.70,
Luc&eacute;lia,3527405,luceliense,TATIANA GUILHERMINO TAZINAZZIO COELHO COSTA,314.810,21886,63.17,99.4,0.752,5.85,54482.53775,44593.98147,20420.77,
Lucian&oacute;polis,3527504,lucianopolense,HUMBERTO ZANINOTO MALDONADO,189.536,2403,11.85,99.1,0.733,35.71,16106.81847,12906.07153,23901.68,
Lu&iacute;s Ant&ocirc;nio,3527603,lu&iacute;s-antoniense,RODRIGO MELLO MARQUES,598.257,15292,18.85,99.4,0.731,26.60,72400.55207,60721.43339,103433.56,
Luizi&acirc;nia,3527702,luiziano,ROG&Eacute;LIO CERVIGNE BARRETO,166.576,5855,30.20,92.8,0.702,17.54,17628.60665,15679.586,12536.56,
Lup&eacute;rcio,3527801,lupercense,CLEBER MENEGUCCI,155.171,4596,28.18,94.5,0.724,45.45,17166.49454,16094.20027,16923.63,
Lut&eacute;cia,3527900,luteciano,LAUDEMIR LEATI,475.226,2636,5.71,93.7,0.720,23.26,17603.81229,14802.29419,32018.34,
Macatuba,3528007,macatubense,ANDERSON FERREIRA,224.514,17214,72.19,99.3,0.770,15.63,74107.33272,62454.57101,36723.03,
Macaubal,3528106,macaubalense,ACACIO TARDOQUE FERREIRA,248.087,8147,30.88,97.9,0.743,22.22,24363.14069,21438.26452,19121.48,
Maced&ocirc;nia,3528205,macedoniense,REGINALDO ELOY MARCOMINI DOS REIS,327.567,3692,11.18,99.3,0.740,41.67,21297.58123,18452.17525,21212.83,
Magda,3528304,magdense,ALEXANDRE PAIVA BATELLO,312.282,3102,10.27,96.5,0.753,31.25,23503.51894,20815.79342,29834.29,
Mairinque,3528403,mairinquense,ANTONIO ALEXANDRE GEMENTE,210.149,47441,205.53,96.9,0.743,11.90,151739.80604,154356.79392,40484.94,
Mairipor&atilde;,3528502,mairiporense,WALID ALI HAMID,320.697,101937,252.44,98.1,0.788,8.77,256281.70262,217090.97814,17774.55,
Manduri,3528601,mandurinense,JOS&Eacute; ONIVALDO JUSTI,229.046,9910,39.26,98.9,0.739,9.17,27217.50205,24110.31096,23378.18,
Marab&aacute; Paulista,3528700,marabaense,APARECIDO NASCIMENTO SOBRAL,919.519,5948,5.24,99,0.677,52.63,21513.32058,18853.70276,17644.51,
Maraca&iacute;,3528809,maracaiense,PAULO EDUARDO DA SILVA,533.498,14036,24.97,98.3,0.771,18.87,48883.69285,43049.32467,29529.19,
Marapoama,3528858,marapoamense,MARCIO PERPETUO AUGUSTO,111.267,3064,23.66,99.4,0.752,30.30,19199.59903,15474.83459,59882.84,
Mari&aacute;polis,3528908,mariapolense,RICARDO MITSURO WATANABE,186.544,4091,21.07,97.5,0.718,26.32,15325.24935,13397.74638,13926.03,
Mar&iacute;lia,3529005,mariliense,DANIEL ALONSO,1170.515,240590,185.21,97.8,0.798,9.55,841368.05861,783340.44246,34083.86,
Marin&oacute;polis,3529104,marinopolense,EVALDO RIBEIRO,77.827,2106,27.15,97.6,0.731,41.67,15171.34577,11991.6459,16405.82,
Martin&oacute;polis,3529203,martinopolense,MARCO ANTONIO JACOMELI DE FREITA,1253.564,26628,19.33,98.1,0.721,18.52,76837.15949,69770.48191,18871.02,
Mat&atilde;o,3529302,matonense,ADAUTO APARECIDO SCARDOELLI,524.899,83626,146.30,97.7,0.773,7.90,237770.17797,222800.23445,50228.39,
Mau&aacute;,3529401,mauaense,FRANCISCO MARCELO DE OLIVEIRA,61.909,477552,6741.41,97.4,0.766,9.08,980419.20244,911004.89057,32655.23,
Mendon&ccedil;a,3529500,mendoncino,ANTONINO CAETANO DE SOUZA,195.151,5565,23.79,98.1,0.744,15.15,28462.22507,26558.65451,43139.21,
Meridiano,3529609,meridianense,MARCIA CRISTINA ADRIANO DE LIMA,228.199,3824,16.82,98.5,0.731,20.00,25373.6573,21836.25388,62670.64,
Mes&oacute;polis,3529658,mesopolense,JOSE CARLOS DA SILVA,148.636,1905,12.67,100,0.724,38.46,17661.80335,14849.39683,30784.46,
Miguel&oacute;polis,3529708,miguelopense,NAIM MIGUEL NETO,820.849,22355,24.88,98.6,0.741,7.43,86649.89567,75581.94914,45954.52,
Mineiros do Tiet&ecirc;,3529807,mineirense,JOS&Eacute; CARLOS VENDRAMINI,213.242,12966,56.45,98.3,0.730,22.39,33021.69165,30577.89194,13408.67,
Miracatu,3529906,miracatuense,VIN&Iacute;CIUS BRAND&Atilde;O DE QUEIR&Oacute;Z,1001.484,19643,20.56,97.1,0.697,30.10,68104.83521,63915.42351,19706.50,
Mira Estrela,3530003,mira-estrelense,PRISCILLA FERNANDA COBACHO DO PRADO,216.825,3106,13.01,97.2,0.743,41.67,23360.99888,18488.32167,21664.95,
Mirand&oacute;polis,3530102,mirandopolense,EVERTON LUIZ FERNANDES SODARIO RAIMUNDO,917.694,29706,29.91,97.9,0.751,7.43,87710.76706,71720.71888,22230.68,
Mirante do Paranapanema,3530201,mirantense,&Aacute;TILA RAMIRO MENEZES DOURADO,1238.931,18338,13.77,98.8,0.724,16.67,66544.21737,53839.25176,19027.18,
Mirassol,3530300,mirassolense,EDSON ANTONIO ERMENEGILDO,243.228,60303,221.10,93.5,0.762,6.93,163458.62973,150439.15365,30509.55,
Mirassol&acirc;ndia,3530409,mirassolandense,CELIA APARECIDA FIAMENGHI DOS SANTOS MATOS,166.125,4919,25.85,96.9,0.738,18.87,16915.01936,15061.45421,26663.98,
Mococa,3530508,mocoquense,EDUARDO RIBEIRO BARISON,855.156,68980,77.55,98.9,0.762,11.18,183202.42222,178334.89411,30828.27,
Mogi das Cruzes,3530607,mogiano,CAIO C&Eacute;SAR MACHADO DA CUNHA,712.541,450785,544.12,97.7,0.783,9.46,1496004.06203,1450291.40855,34908.31,
Mogi Gua&ccedil;u,3530706,gua&ccedil;uano,RODRIGO FALSETTI,812.753,153033,168.99,97.9,0.774,11.17,508193.49579,455038.22182,38971.42,
Mogi Mirim,3530805,mogi-miriano,PAULO DE OLIVEIRA E SILVA,497.708,93650,173.77,97.4,0.784,10.47,362655.43793,333425.3257,49631.35,
Mombuca,3530904,mombucano,ROGERIO APARECIDO ALCALDE,133.698,3508,24.43,97.8,0.719,40.82,19183.51657,15458.33643,28783.85,
Mon&ccedil;&otilde;es,3531001,mon&ccedil;olense,VALTOLINO VALDIR MARIA ALVES,104.352,2267,20.45,100,0.772,38.46,23140.05603,17874.97115,26531.11,
Mongagu&aacute;,3531100,mongaguano,M&Aacute;RCIO MELO GOMES,143.205,57648,326.00,98.3,0.754,23.91,211556.8439,186525.60825,18581.77,
Monte Alegre do Sul,3531209,monte-alegrense,EDSON RODRIGO DE OLIVEIRA CUNHA,110.308,8111,64.84,98.3,0.759,24.69,27451.17338,24882.21637,22391.71,
Monte Alto,3531308,monte-altense,MARIA HELENA AGUIAR RETTONDINI,346.950,50772,134.61,98.6,0.768,18.40,136384.82479,122760.62639,35901.30,
Monte Apraz&iacute;vel,3531407,monte-aprazivelense,MARCIO LUIZ MIGUEL,495.559,25373,43.76,98.8,0.785,4.39,66523.95899,59848.47029,26584.41,
Monte Azul Paulista,3531506,monte-azulense,MARCELO OTAVIANO DOS SANTOS,263.462,18968,71.86,98.6,0.753,8.70,70925.69797,66870.12515,28033.28,
Monte Castelo,3531605,monte-castelense,EDSON CARLOS OLIVEIRA DA SILVA,233.547,4166,17.47,98.2,0.741,25.64,22572.16981,18067.72349,24706.74,
Monteiro Lobato,3531704,lobatense,EDMAR JOS&Eacute; DE ARA&Uacute;JO,332.742,4696,12.38,96.5,0.710,54.55,18487.1924,15226.56083,14173.68,
Monte Mor,3531803,monte-morense,EDIVALDO ANT&Ocirc;NIO BRISCHI,240.566,60754,203.61,97.2,0.733,12.96,208286.3551,188798.01223,59311.32,
Morro Agudo,3531902,morro-agudense,VINICIUS CRUZ DE CASTRO,1388.127,33288,20.97,95.9,0.712,8.02,131625.99598,118383.03824,36037.10,
Morungaba,3532009,morungabense,MARCO ANTONIO DE OLIVEIRA,146.752,13781,80.20,97.4,0.715,13.16,42617.22848,36025.19595,33875.48,
Motuca,3532058,motuquense,JO&Atilde;O RICARDO FASCINELI,228.700,4795,18.76,95.4,0.741,29.41,20086.85249,16600.73756,17286.33,
Murutinga do Sul,3532108,murutinguense,CRISTIANO ELEUTERIO SOARES DA SILVA,250.873,4506,16.69,96.4,0.726,22.73,19191.17473,17259.01202,14623.62,
Nantes,3532157,nantense,AURELIO PEREIRA DOS SANTOS,286.647,3179,9.46,98.7,0.714,20.41,18811.41613,17735.56037,38493.27,
Narandiba,3532207,narandibense,ITAMAR DOS SANTOS SILVA,357.325,4904,11.98,98.9,0.718,12.50,29968.19232,25844.00546,38665.32,
Natividade da Serra,3532306,nativense,EVAIL AUGUSTO DOS SANTOS,833.372,6642,8.01,98.8,0.655,12.20,27184.7205,23809.02274,10848.03,
Nazar&eacute; Paulista,3532405,nazareano,CANDIDO MURILO PINHEIRO RAMOS,326.254,18698,50.31,96.9,0.678,9.30,57140.66224,52964.56192,18651.19,
Neves Paulista,3532504,nevense,MARCIO ROGERIO RODRIGUES DOS SANTOS,219.050,8923,40.18,99.7,0.754,32.61,30049.25058,25781.79133,23770.60,
Nhandeara,3532603,nhandearense,JOS&Eacute; ADALTO BORINI,436.159,11527,24.61,97.7,0.751,9.71,35956.77035,31429.29041,28388.63,
Nipo&atilde;,3532702,nipoense,JOS&Eacute; PEDRO RAMPIM,137.609,5298,31.01,99.2,0.713,13.51,18105.42821,15647.0168,18328.81,
Nova Alian&ccedil;a,3532801,nova-aliancense,JURANDIR BARBOSA DE MORAIS,217.515,7068,27.11,99.2,0.738,22.47,26103.39249,22269.94351,25206.05,
Nova Campina,3532827,nova campinense,JUCEMARA FORTES DO NASCIMENTO,385.375,9860,22.10,99.7,0.651,14.39,29547.96244,24233.46827,11418.51,
Nova Cana&atilde; Paulista,3532843,novacanaense,THAIS CRISTINA COSTA MOREIRA,124.473,1852,16.99,98.8,0.715,50.00,15723.42712,12571.09646,20686.21,
Nova Castilho,3532868,castilhense,LUCIO MAURO GARCIA,183.396,1278,6.14,100,0.756,76.92,15879.04919,13113.45443,32366.14,
Nova Europa,3532900,nova-europense,LUIZ CARLOS DOS SANTOS,160.250,11355,58.00,100,0.765,8.33,37237.12013,31643.12851,25485.01,
Nova Granada,3533007,granadense,TANIA LIANA TOLEDO YUGAR,531.796,21689,36.06,98.6,0.739,11.81,51162.29588,46103.99641,20378.67,
Nova Guataporanga,3533106,guataporanguense,VAGNER ALVES DE LIMA,34.158,2325,63.81,99.3,0.726,166.67,17113.04869,12598.9717,13532.84,
Nova Independ&ecirc;ncia,3533205,independentino,FERNANDO MACCHI SANTANA,265.029,4053,11.54,98,0.735,19.23,27217.044,22616.214,36380.10,
Novais,3533254,novaense,PAULO CESAR DIAS PINHEIRO,117.772,5945,38.99,100,0.719,41.67,18418.87984,16452.99792,10196.95,
Nova Luzit&acirc;nia,3533304,luzitaniense,MIGUEL JOS&Eacute; ARA&Uacute;JO JUNIOR,73.816,4160,46.46,98.6,0.743,32.26,18537.40846,14766.97035,12332.03,
Nova Odessa,3533403,novaodessense,CLAUDIO JOSE SCHOODER,73.788,60956,689.48,98.4,0.791,10.85,183777.99214,159548.46645,59633.81,
Novo Horizonte,3533502,novo-horizontino,FABIANO DE MELLO BELENTANI,931.743,41414,39.28,97.7,0.753,9.84,120993.78292,108581.42886,26915.60,
Nuporanga,3533601,nuporanguense,DANIEL VIANA MELO,348.265,7478,19.57,97.8,0.746,24.39,38882.6448,34004.59141,70520.18,
Ocau&ccedil;u,3533700,ocau&ccedil;uense,JO&Atilde;O BENEDITO COSTA E SILVA,301.036,4291,13.86,97.7,0.717,14.08,19503.1206,15190.34513,27040.70,
&Oacute;leo,3533809,oleense,JORD&Atilde;O ANT&Ocirc;NIO VIDOTTO,198.938,2471,13.49,98.9,0.730,37.04,15328.65079,12535.71264,32970.07,
Ol&iacute;mpia,3533908,olimpiense,FERNANDO AUGUSTO CUNHA,802.555,55130,62.32,97.4,0.773,14.95,236517.37307,192876.92923,37387.02,
Onda Verde,3534005,onda-verdense,FABRICIO PIRES DE CARVALHO,242.946,4422,16.03,98.7,0.738,16.95,24069.66537,21217.26279,38174.26,
Oriente,3534104,orientense,GERALDO MATHEUS MORIS,218.668,6542,27.89,97.2,0.770,13.33,19242.27146,16917.37038,15344.27,
Orindi&uacute;va,3534203,orindiuvense,MIRELI CRISTINA LEITE RUVI&Eacute;RI MARTINS,247.378,7194,22.87,99.3,0.767,24.69,40163.58444,33719.30236,58280.24,
Orl&acirc;ndia,3534302,orlandino,SERGIO AUGUSTO BORDIN JUNIOR,291.765,44360,136.34,98.3,0.780,4.26,173941.85908,137410.76196,42003.28,
Osasco,3534401,osasquense,ROGERIO LINS WANDERLEY,64.954,699944,10264.80,96,0.776,11.79,2216191.55475,2035375.238,109936.21,
Oscar Bressane,3534500,bressanense,LUIZ ANTONIO ROMANO,222.130,2603,11.46,96.7,0.749,43.48,16277.63983,14129.58953,34900.31,
Osvaldo Cruz,3534609,osvaldo-cruzense,VERA LUCIA ALVES,248.038,33000,124.47,97.6,0.762,12.20,82432.6617,70501.1321,25930.54,
Ourinhos,3534708,ourinhense,LUCAS POCAY ALVES DA SILVA,295.818,114352,347.78,98.2,0.778,5.91,296893.2577,255485.07149,27232.54,
Ouroeste,3534757,ouroestense,ALEX GARCIA SAKATA,288.648,10539,29.10,99.7,0.770,8.40,78183.63605,60533.81886,41425.64,
Ouro Verde,3534807,ouro-verdense,CLAUDINEI DOS SANTOS,266.778,8620,29.15,97.3,0.692,10.20,25262.11619,22785.32283,13210.54,
Pacaembu,3534906,pacaembuense,JOAO FRANCISCO MUGNAI NEVES,339.375,14263,39.07,98.9,0.725,18.52,41863.00654,37821.93239,21542.47,
Palestina,3535002,palestinense,REINALDO APARECIDO DA CUNHA,697.701,13123,15.89,96.6,0.732,7.14,41826.13912,35921.85359,23871.29,
Palmares Paulista,3535101,palmarense,LUCAS APARECIDO DA ASSUM&Ccedil;&Atilde;O,82.125,13486,133.14,98.2,0.722,14.29,28222.15482,24820.58274,9376.19,
Palmeira d'Oeste,3535200,palmeirense,REINALDO SAVAZI,318.740,9227,30.02,98.5,0.753,11.49,27828.46216,23935.15202,20086.66,
Palmital,3535309,palmitalense,LUIS GUSTAVO MENDES MORAES,548.407,22272,38.67,97.2,0.746,19.16,82329.60384,70594.61925,30936.78,
Panorama,3535408,panoramense,CARLOS HIROCI OUTI,356.050,15862,40.93,95.8,0.722,17.86,44391.46296,42264.69893,16827.13,
Paragua&ccedil;u Paulista,3535507,paragua&ccedil;uense,ANTONIO TAKASHI SASADA,1001.492,45945,42.22,99.4,0.762,13.49,154327.25499,139277.28116,33792.38,
Paraibuna,3535606,paraibunense,VICTOR DE CASSIO MIRANDA,809.576,18263,21.48,97.2,0.719,4.72,66686.02864,56151.49568,15336.37,
Para&iacute;so,3535705,paraisense,WALDOMIRO ANTONIO SGOBI,155.186,6496,37.85,99.1,0.749,12.82,31973.66678,25235.23892,34584.67,
Paranapanema,3535804,paranapanemense,RODOLFO HESSEL FANGANIELLO,1018.724,20395,17.48,98.1,0.717,6.45,92270.42715,82761.08345,31198.29,
Paranapu&atilde;,3535903,paranapuense,DANIEL JUNIOR DURAN PINATTO,140.354,4095,27.16,98.4,0.732,14.93,19551.04085,15071.36206,27485.59,
Parapu&atilde;,3536000,parapuense,GILMAR MARTIN MARTINS,366.664,10949,29.65,98.9,0.737,10.75,33595.1357,30045.81067,32118.91,
Pardinho,3536109,pardinhense,JOSE LUIZ VIRGINIO DOS SANTOS,209.894,6508,26.59,98.3,0.727,37.38,33642.32737,28803.40729,47454.61,
Pariquera-A&ccedil;u,3536208,pariquerense,WAGNER BENTO DA COSTA,359.414,19723,51.34,97.1,0.736,6.47,47577.06273,42793.7438,25926.61,
Parisi,3536257,parasiano,OCLAIR BARAO BENTO,84.737,2169,24.04,99.6,0.721,51.28,17670.99827,14662.02813,31045.80,
Patroc&iacute;nio Paulista,3536307,patrocinense,JOSE MAURO BARCELLOS,602.848,14807,21.56,97.8,0.730,19.51,60479.20741,46915.10802,60792.11,
Paulic&eacute;ia,3536406,pauliceiense,ANTONIO SIMONATO,374.091,7454,16.97,94,0.711,8.55,32388.08958,29943.55696,20705.29,
Paul&iacute;nia,3536505,paulinense,EDNILSON CAZELLATO,138.777,112003,592.17,97.9,0.795,6.12,1489238.68636,1184810.35885,306163.17,
Paulist&acirc;nia,3536570,paulistaniense,PAULO AUGUSTO GRANCHI,256.178,1834,6.93,97.5,0.718,47.62,16317.83815,14226.11792,22430.93,
Paulo de Faria,3536604,paulo-fariense,MARIO DE FELICIO NETO,737.986,8959,11.63,98.5,0.725,24.69,40555.42368,33910.73375,30110.56,
Pederneiras,3536703,pederneirense,IVANA MARIA BERTOLINI CAMARINHA,727.482,47111,56.92,98.3,0.739,9.42,131255.01306,117798.19984,47430.98,
Pedra Bela,3536802,pedra-belense,ALVARO JESIEL DE LIMA,158.587,6110,36.45,95.8,0.677,14.49,19836.18553,18808.2233,13782.13,
Pedran&oacute;polis,3536901,pedranopolense,MARCOS ADRIANO DA SILVA,260.101,2481,9.83,100,0.742,34.48,21166.27033,15805.77599,25672.04,
Pedregulho,3537008,pedregulhense,DIRCEU POLO FILHO,712.604,16811,22.03,98.4,0.715,4.63,52048.67802,44310.0593,52418.86,
Pedreira,3537107,pedreirense,HAMILTON BERNARDES JUNIOR,108.817,48463,382.70,98.1,0.769,6.24,137402.6991,124707.24961,26471.59,
Pedrinhas Paulista,3537156,pedrinhense,FREDDIE COSTA NICOLAU,152.309,3101,19.28,97.3,0.774,37.04,19656.97603,16963.78292,44364.89,
Pedro de Toledo,3537206,toledense,ELEAZAR MUNIZ JUNIOR,670.440,11421,15.22,99.3,0.696,25.42,34703.98334,31020.67674,12787.40,
Pen&aacute;polis,3537305,penapolitano,CARLOS HENRIQUE ROSSI CATALANI,711.315,63757,82.31,98.7,0.759,13.17,176619.52902,162096.10449,26395.81,
Pereira Barreto,3537404,pereira-barretense,JO&Atilde;O DE ALTAYR DOMINGUES,974.247,25677,25.50,98.1,0.766,3.83,95814.24479,82713.09802,29553.41,
Pereiras,3537503,pereirense,MIGUEL TOMAZELA,223.136,8773,33.38,96.8,0.736,19.05,27053.68325,23475.77323,23954.99,
Peru&iacute;be,3537602,peruibense,LUIZ MAURICIO PASSOS DE CARVALHO PEREIRA,326.216,69001,184.40,98.6,0.749,17.26,247307.03255,224949.07246,22538.10,
Piacatu,3537701,piacatuense,EUCLASIO GARRUTTI,232.488,6038,22.75,97.5,0.732,61.54,21984.23647,19236.73174,15498.37,
Piedade,3537800,piedadense,GERALDO PINTO DE CAMARGO FILHO,746.868,55542,69.82,95.6,0.716,13.68,122533.49585,110298.26169,21916.31,
Pilar do Sul,3537909,pilarense,MARCO AUR&Eacute;LIO SOARES,681.248,29402,38.77,93.8,0.690,18.04,73533.53137,65266.58378,23370.06,
Pindamonhangaba,3538006,pindamonhangabense,ISAEL DOMINGUES,731.355,170132,201.39,98.2,0.773,13.84,437265.7743,398565.0337,51761.18,
Pindorama,3538105,pindoramense,GERALDO FELIPPE JUNIOR,184.825,17216,81.37,97.5,0.737,6.29,46751.49637,41310.01861,22081.72,
Pinhalzinho,3538204,pinhalzinhense,BENEDITO LAURO DE LIMA,154.529,15388,84.81,97.8,0.725,13.33,37961.40892,33754.81331,17475.49,
Piquerobi,3538303,piquerobiense,ADRIANA CRIVELLI BIFFE,482.769,3699,7.33,99.4,0.711,52.63,19036.92464,15693.45974,15089.43,
Piquete,3538501,piquetense,R&Ocirc;MULO KAZIMIERZ LUSZCZYNSKI,175.996,13575,80.16,98.8,0.757,19.48,29722.3304,25437.65315,11973.44,
Piracaia,3538600,piracaiense,JOS&Eacute; SILVINO CINTRA,385.568,27462,65.15,98,0.739,2.74,81669.70253,70592.98437,17540.72,
Piracicaba,3538709,piracicabano,LUCIANO SANTOS TAVARES DE ALMEIDA,1378.069,407252,264.47,97.5,0.785,8.98,1618677.27203,1529177.60687,65896.34,
Piraju,3538808,pirajuense,JOS&Eacute; MARIA COSTA,504.591,29869,56.44,98.3,0.758,7.81,88014.55865,80339.40458,24936.58,
Piraju&iacute;,3538907,pirajuiense,CESAR HENRIQUE DA CUNHA FIALA,823.758,25719,27.55,97.3,0.749,14.65,64791.56603,55508.57773,18702.35,
Pirangi,3539004,piranginense,ANGELA MARIA BUSNARDO,215.809,11471,49.30,97.8,0.756,15.50,35355.15179,29584.45405,29289.51,
Pirapora do Bom Jesus,3539103,piraporense,DANY WILIAN FLORESTI,108.489,19178,144.98,97.5,0.727,15.09,58017.85572,53875.6971,24587.66,
Pirapozinho,3539202,pirapozense,VALDIR ASSEF,477.673,27754,51.66,98.8,0.776,17.86,73783.01617,66258.08534,34839.45,
Pirassununga,3539301,pirassununguense,MILTON DIMAS TADEU URBAN,727.118,76877,96.38,98.2,0.801,13.68,222456.69896,213997.23691,36765.67,
Piratininga,3539400,piratiningano,JORGE LUIS DIAS,402.409,13765,30.00,98.4,0.779,11.30,45924.28939,36606.63632,17432.02,
Pitangueiras,3539509,pitangueirense,MARCOS AUR&Eacute;LIO SORIANO,430.638,40080,81.99,99,0.723,8.42,118854.89297,103477.89997,27053.73,
Planalto,3539608,planaltense,OLIMPIO SEVERINO DA SILVA,289.825,5304,15.38,99.2,0.719,33.90,26937.60005,22545.37217,30164.36,
Platina,3539707,platinense,WAGNER ROBERTO DE LIMA,327.480,3578,9.77,98.5,0.719,21.74,18777.85413,16151.93922,26801.38,
Po&aacute;,3539806,poaense,MARCIA TEIXEIRA BIN DE SOUZA,17.264,118349,6141.05,97.6,0.771,18.19,446332.87975,394505.8237,39992.89,
Poloni,3539905,poloniense,WALDENOR MONTANARI JUNIOR,135.120,6113,40.40,99.5,0.766,14.49,2550.94264,1941.40428,21985.92,
Pomp&eacute;ia,3540002,pompeiano,ISABEL CRISTINA ESCORCE JANU&Aacute;RIO,784.674,22172,25.46,98.6,0.786,19.23,87731.5226,73945.40026,56951.86,
Ponga&iacute;,3540101,pongaiense,GILHIARD HENRIQUE DE BORTOLI,183.399,3400,18.99,97.4,0.755,33.33,17231.881,15468.44883,23673.17,
Pontal,3540200,pontalense,JOSE CARLOS NEVES SILVA,356.371,50852,112.94,94.5,0.725,5.36,91779.76343,91504.81147,23772.76,
Pontalinda,3540259,pantalindense,SISINIO DE OLIVEIRA LEAO,209.525,4674,19.38,98.3,0.702,54.55,20419.78372,18652.77949,17009.93,
Pontes Gestal,3540309,pontes-gestalense,ESMERALDO CRISTIANO CAROLINO,217.505,2577,11.58,97.8,0.732,29.41,25833.2794,22417.52102,60563.97,
Populina,3540408,populinense,ADAUTO SEVERO PINTO,315.938,4152,13.37,99.6,0.714,25.00,23913.86681,21750.22199,22982.84,
Porangaba,3540507,porangabense,JO&Atilde;O CARLOS ALVES BARROS,265.689,10067,31.34,94.7,0.703,20.20,26940.34188,24038.70298,18026.55,
Porto Feliz,3540606,porto-felicense,ANTONIO C&Aacute;SSIO HABICE PRADO,556.706,53402,87.83,98.2,0.758,9.47,237880.26644,207343.70731,49253.38,
Porto Ferreira,3540705,ferreirense,R&Ocirc;MULO LUIS DE LIMA RIPA,244.906,56504,209.88,98.1,0.751,5.36,184540.6666,158623.32425,36767.59,
Potim,3540754,potinense,ERICA SOLER SANTOS DE OLIVEIRA,44.643,25130,436.20,99.3,0.697,23.81,44646.05728,40499.58409,9005.43,
Potirendaba,3540804,potirendabano,GISLAINE MONTANARI FRANZOTTI,342.492,17516,45.12,98,0.747,4.61,62696.58066,56524.12938,29949.39,
Pracinha,3540853,pracinhense,MAURILEI APARECIDO DIAS DA SILVA,63.054,4212,45.48,100,0.696,-,12402.08938,10838.80943,8256.98,
Prad&oacute;polis,3540903,pradopolense,SILVIO MARTINS,167.378,21873,103.82,96.3,0.733,4.41,70105.62358,57915.05729,40977.09,
Praia Grande,3541000,praia-grandense,RAQUEL AUXILIADORA CHINI,149.253,330845,1781.87,96.9,0.754,13.83,1416820.99938,1282662.66264,22064.57,
Prat&acirc;nia,3541059,pratino,DAVI PIRES BATISTA,175.100,5317,26.26,97.7,0.701,14.71,20636.81564,18425.79704,25213.86,
Presidente Alves,3541109,alvense,CRISTIANO DOS SANTOS,286.642,4080,14.36,98.9,0.735,16.13,16403.63642,13997.72865,17861.26,
Presidente Bernardes,3541208,bernardense,REGINALDO LUIZ ERNESTO CARDILO,749.233,13023,18.12,98.5,0.757,30.30,44621.55147,39355.06732,20494.34,
Presidente Epit&aacute;cio,3541307,epitaciano,CASSIA REGINA ZAFFANI FURLAN,1260.281,44389,32.79,98.8,0.750,11.21,100762.90249,87479.82225,19364.06,
Presidente Prudente,3541406,prudentino,EDSON TOMAZINI,560.637,230371,368.89,97.8,0.806,10.20,683206.23001,646552.34024,35207.07,
Presidente Venceslau,3541505,venceslauense,BARBARA MEDEIROS VILCHES,755.203,39583,50.10,98.6,0.763,7.08,126626.58684,117611.84149,18163.42,
Promiss&atilde;o,3541604,promissense,ARTUR MANOEL NOGUEIRA FRANCO,779.200,40828,45.78,96.7,0.743,16.55,115005.84254,96701.77294,40628.23,
Quadra,3541653,quadrense,LHEONIDES DE OLIVEIRA ANDRADE,205.672,3854,15.73,98.3,0.678,19.23,20917.41061,18426.21274,26393.71,
Quat&aacute;,3541703,quataense,MARCELO DE SOUZA PECCHIO,651.341,14210,19.68,98.7,0.738,6.71,49974.77317,44181.77808,32860.67,
Queiroz,3541802,queirozense,WALTER RODRIGO DA SILVA,234.914,3460,12.01,98.1,0.715,19.61,22185.9865,19082.98897,97276.33,
Queluz,3541901,queluzense,LAURINDO JOAQUIM DA SILVA GARCEZ,249.399,13606,45.27,98,0.722,9.01,38623.04826,33674.43423,25423.85,
Quintana,3542008,quintanense,FERNANDO BRANCO NUNES,318.937,6688,18.79,98.1,0.732,23.53,25965.38474,22321.00397,26261.02,
Rafard,3542107,rafardense,F&Aacute;BIO DOS SANTOS,121.645,9101,70.80,98.3,0.745,9.26,40615.26321,34699.74755,35586.08,
Rancharia,3542206,ranchariense,MARCOS SLOBODTICOV,1587.498,29726,18.14,97.5,0.751,22.96,97943.57859,85198.20751,37222.41,
Reden&ccedil;&atilde;o da Serra,3542305,rendencense,JUCIMAR FERREIRA DA SILVA,309.441,3839,12.52,95.2,0.657,20.00,17915.64921,15779.90827,13767.32,
Regente Feij&oacute;,3542404,regentense,ANDR&Eacute; MARCELO ZUQUERATO DOS SANTOS,263.280,20394,69.77,98.8,0.768,4.03,62778.31766,57647.13876,35313.43,
Regin&oacute;polis,3542503,reginopolitano,CAROLINA ARA&Uacute;JO DE SOUSA VER&Iacute;SSIMO,410.406,9837,17.83,98.8,0.728,15.38,26825.04292,21589.24047,15428.57,
Registro,3542602,registrense,NILTON JOSE HIROTA DA SILVA,722.201,56393,75.11,97.3,0.754,6.31,183948.63276,163562.12876,34962.27,
Restinga,3542701,restinguense,KARLA MONTAGNINI FERRACIOLI,245.746,7679,26.80,98.6,0.705,17.54,27764.77117,24473.16489,22126.48,
Ribeira,3542800,ribeirense,ARI DO CARMO SANTOS,335.759,3330,10.00,97,0.698,63.83,17956.11432,15014.25486,14361.28,
Ribeir&atilde;o Bonito,3542909,ribeir&atilde;o-bonitense,ANTONIO CARLOS CAREGARO,471.553,13299,25.73,98.7,0.712,14.18,37513.44987,33540.51695,19500.82,
Ribeir&atilde;o Branco,3543006,ribeir&atilde;o-branquense,MAURO JOSE TEIXEIRA,697.500,16211,26.19,97.5,0.639,33.71,46317.57908,38963.85758,17976.03,
Ribeir&atilde;o Corrente,3543105,ribeir&atilde;o-correntense,ANA LOURINETE COSTA LOBO MONTANHER,148.332,4752,28.81,100,0.711,30.30,21819.42408,19577.53411,23548.05,
Ribeir&atilde;o do Sul,3543204,ribeir&atilde;o-sulense,SALMA APARECIDA MEROTO BEFFA,203.208,4539,21.83,99,0.747,22.22,21555.29534,18929.58248,33392.70,
Ribeir&atilde;o dos &Iacute;ndios,3543238,ribeirindio,JOSE AMAURI LENZONI,196.446,2224,11.14,98.6,0.721,45.45,16031.01851,12544.09571,16030.11,
Ribeir&atilde;o Grande,3543253,ribeir&atilde;o grandense,MARCELO LUIS NUNES,333.363,7679,22.26,96.8,0.705,11.49,30160.19922,24670.96158,34793.11,
Ribeir&atilde;o Pires,3543303,ribeir&atilde;o-pirense,CLOVIS VOLPI,99.075,124159,1140.73,97.4,0.784,9.15,295223.17612,273711.16042,24818.57,
Ribeir&atilde;o Preto,3543402,ribeir&atilde;o-pretano,ANTONIO DUARTE NOGUEIRA JUNIOR,650.916,711825,928.92,96.9,0.800,9.19,2888565.2922,2497642.50729,49425.29,
Riversul,3543501,riversulense,JOSE GUILHERME GOMES,385.878,5443,15.96,95.9,0.664,15.87,18672.10,18032.81346,12349.69,
Rifaina,3543600,rifainense,HUGO CESAR LOUREN&Ccedil;O,162.508,3640,21.14,99.2,0.740,23.26,33617.0077,27802.57514,33254.17,
Rinc&atilde;o,3543709,rinconense,BRAZ RODRIGUES,316.639,10812,32.96,98.2,0.734,7.75,31872.72117,29170.87756,18176.48,
Rin&oacute;polis,3543808,rinopolense,JOSE FERREIRA DE OLIVEIRA NETO,358.481,9961,27.73,98.6,0.723,28.57,29172.65856,25769.17976,25464.98,
Rio Claro,3543907,rio-clarense,JOAO TEIXEIRA JUNIOR,498.422,208008,373.69,98.2,0.803,11.81,803525.41222,732412.03469,47851.56,
Rio das Pedras,3544004,rio-pedrense,MARCOS BUZETTO,226.657,35738,130.16,98.4,0.759,5.15,102407.19133,94627.13742,40086.87,
Rio Grande da Serra,3544103,riogranserrense ou  serrano ou riogransense,CLAUDIO MANOEL MELO,36.341,51436,1210.04,98.2,0.749,8.00,88976.07302,72897.05085,11282.40,
Riol&acirc;ndia,3544202,riolandense,ANTONIO CARLOS SANTANA DA SILVA,631.897,12689,16.70,96.7,0.703,9.09,38925.72303,34885.75768,20423.64,
Rosana,3544251,rosanense,SILVIO GABRIEL,744.011,16281,26.51,98.1,0.764,13.04,93680.95622,80955.72407,70267.57,
Roseira,3544301,roseirense,FERNANDO AUGUSTO DE SIQUEIRA,129.847,10801,73.47,98.7,0.737,37.59,33895.39412,30019.64446,27647.35,
Rubi&aacute;cea,3544400,rubiacense,JULIO CESAR FELISMINO,236.484,3162,11.52,99.5,0.721,28.57,16706.3947,13229.27953,20298.51,
Rubin&eacute;ia,3544509,rubineiense,OSVALDO LUGATO FILHO,242.877,3170,11.78,100,0.759,43.48,25539.42748,20094.32874,24965.32,
Sabino,3544608,sabinense,EDER RUIZ MAGALH&Atilde;ES DE ANDRADE,305.285,5614,16.78,97.2,0.728,17.86,24381.55714,21003.27135,21248.16,
Sagres,3544707,sagrense,ROBERTO BATISTA PIRES,147.935,2430,16.20,99.2,0.730,38.46,14008.8457,11507.6192,15451.37,
Sales,3544806,salense,JOSEMAR FRANCISCO DE ABREU,308.555,6407,17.67,100,0.751,17.24,32637.57083,27150.44214,22858.39,
Sales Oliveira,3544905,salense,F&Aacute;BIO GODOY GRATON,305.776,11998,34.58,98.8,0.772,7.52,44247.32066,36537.91764,29378.39,
Sales&oacute;polis,3545001,salesopolense,VANDERLON OLIVEIRA GOMES,424.997,17252,36.79,98.4,0.732,5.32,42345.10216,38244.98838,11899.42,
Salmour&atilde;o,3545100,salmourense,JOS&Eacute; LUIZ ROCHA PERES,172.934,5337,27.96,98.3,0.719,27.03,16370.61593,14503.4334,13614.17,
Saltinho,3545159,saltinhense,HELIO FRANZOL BERNARDINO,99.738,8393,70.78,96.8,0.791,21.51,28672.08886,24642.91731,30002.45,
Salto,3545209,saltense,LAERTE SONSIN J&Uacute;NIOR,133.057,119736,792.13,98.4,0.780,7.73,354244.64005,322255.9574,62187.92,
Salto de Pirapora,3545308,saltense,MATHEUS MARUM DE CAMPOS,280.509,45860,143.02,98.6,0.729,12.94,131729.43224,119093.116,37530.47,
Salto Grande,3545407,salto-grandense,MARIO LUCIANO ROSA,188.441,9364,46.64,96.5,0.704,9.17,29971.47426,26332.54072,23885.16,
Sandovalina,3545506,sandovalino ou sandovalinense,FRANCISCO MENDES DA SILVA,455.856,4354,8.13,98.2,0.709,18.87,32307.83146,25945.94712,90156.11,
Santa Ad&eacute;lia,3545605,santa-adeliense,GUILHERME COLOMBO DA SILVA,330.269,15561,43.32,100,0.760,10.93,45504.82836,41282.03322,19941.08,
Santa Albertina,3545704,santa-albertinense,GERSON FORMIGONI JUNIOR,272.692,6022,20.98,98.8,0.728,46.15,28804.62392,25666.63718,30542.24,
Santa B&aacute;rbara d'Oeste,3545803,barbarense,RAFAEL PIOVEZAN,271.030,194390,664.49,98.4,0.781,9.95,525487.17725,508262.75516,30798.27,
Santa Branca,3546009,santa-branquense,ADRIANO MARCHESANI LEVORIN,272.238,14857,50.56,98.8,0.735,48.78,46517.46241,43004.41533,16610.52,
Santa Clara d'Oeste,3546108,santa-clarense,JOSE BASILIO DE FARIA,183.458,2113,11.36,98.5,0.733,48.78,17757.40355,15312.84899,32177.82,
Santa Cruz da Concei&ccedil;&atilde;o,3546207,santa-cruzense,CARLOS EDUARDO ARANHA DE ALBUQUERQUE,150.130,4544,26.66,99.6,0.790,30.30,23274.35012,21752.71564,27720.76,
Santa Cruz da Esperan&ccedil;a,3546256,santacruzense,MARCOS ANTONIO BAZILIO,148.062,2153,13.19,86.2,0.743,66.67,15779.04758,14680.03002,24309.59,
Santa Cruz das Palmeiras,3546306,palmeirense,JOS&Eacute; CRECENTINO BUSSAGLIA,295.337,34737,101.35,97.3,0.728,12.69,79313.66173,75085.50382,14724.73,
Santa Cruz do Rio Pardo,3546405,santa-cruzense,DIEGO HENRIQUE SINGOLANI COSTA,1114.747,47943,39.44,96.3,0.762,9.04,141989.41307,140035.27044,42906.75,
Santa Ernestina,3546504,santa-ernestinense,MARCELO APARECIDO VERONEZI,134.421,5588,41.42,99.2,0.738,16.95,20029.97331,17142.22391,16537.75,
Santa F&eacute; do Sul,3546603,santa-f&eacute;-sulense,EVANDRO FARIAS MURA,206.537,32563,141.81,97.9,0.784,6.90,156348.19314,143270.66428,33819.05,
Santa Gertrudes,3546702,santa-gertrudense,LAZARO NOE DA SILVA,98.291,27381,220.10,98.3,0.737,3.16,105948.38071,95702.11402,67000.11,
Santa Isabel,3546801,isabelense,CARLOS AUGUSTO CHINCHILLA ALFONZO,363.332,57966,138.87,97.8,0.738,9.75,151362.75039,139020.52821,27752.63,
Santa L&uacute;cia,3546900,santa-luciense,LUIZ ANTONIO NOLI,153.860,8854,53.55,98.6,0.737,20.20,21826.35578,17968.46151,13080.61,
Santa Maria da Serra,3547007,serrense,JOSIAS ZANI NETO,252.621,6236,21.43,97.5,0.686,12.35,22804.66772,18588.87639,21876.38,
Santa Mercedes,3547106,mercedense,VALDIR VERONA,166.753,2943,16.96,98.8,0.739,27.03,15161.8698,13558.66328,22641.73,
Santana da Ponte Pensa,3547205,santanense-da-ponte-pensa,VAGNER HERNANDES,129.888,1467,12.60,100,0.773,111.11,13968.35312,11138.00382,23521.23,
Santana de Parna&iacute;ba,3547304,parnaibano,ANTONIO MARCOS BATISTA PEREIRA,179.949,142301,604.74,97.3,0.814,8.32,923581.45122,694322.6095,67650.64,
Santa Rita d'Oeste,3547403,santa-ritense,OSMAR SAMPAIO,209.800,2487,12.10,100,0.761,52.63,19386.20853,15557.07891,25305.72,
Santa Rita do Passa Quatro,3547502,santa-ritense,MARCELO SIM&Atilde;O,754.141,27600,35.11,97.8,0.775,20.16,80902.27423,79463.84533,24132.89,
Santa Rosa de Viterbo,3547601,santa-rosense,OMAR NAGIB MOUSSA,288.576,26753,82.69,97.9,0.770,8.20,68601.56295,61035.55143,26438.67,
Santa Salete,3547650,saletense,JEDER FABIANO SANTIAGO SOUZA,79.192,1552,18.23,100,0.772,-,14764.64508,12880.79665,23375.01,
Santo Anast&aacute;cio,3547700,anastaciano,JOS&Eacute; BONILHA SANCHES,552.876,20866,37.06,98.5,0.753,22.83,78600.16808,44063.92075,19766.77,
Santo Andr&eacute;,3547809,andreense,PAULO HENRIQUE PINTO SERRA,175.782,721368,3848.01,97.4,0.815,7.59,2493588.87628,2301852.31093,40489.21,
Santo Ant&ocirc;nio da Alegria,3547908,alegriense,RICARDO DA SILVA SOBRINHO,310.311,6977,20.32,97.5,0.702,25.64,25078.04394,22013.69989,18953.27,
Santo Ant&ocirc;nio de Posse,3548005,possense,JO&Atilde;O LEANDRO LOLLI,154.133,23529,134.09,97.3,0.702,15.27,99441.30049,76994.72169,48880.01,
Santo Ant&ocirc;nio do Aracangu&aacute;,3548054,aracanguaense,ROBERTO DON&Aacute;,1308.432,8481,5.83,98.9,0.757,29.13,46586.21956,41167.92738,24823.67,
Santo Ant&ocirc;nio do Jardim,3548104,jardinense,GILMAR DE OLIVEIRA PEZOTTI,109.956,5940,54.05,97,0.714,39.22,20805.41817,16226.15253,25307.38,
Santo Ant&ocirc;nio do Pinhal,3548203,pinhalense,ANDERSON JOS&Eacute; MENDON&Ccedil;A,133.008,6827,48.76,98.3,0.706,21.51,26086.65888,24843.80549,16258.73,
Santo Expedito,3548302,expeditense,ANDERSON JOS&Eacute; BETIO,94.465,3135,29.68,99.1,0.732,30.30,13758.90394,11678.4444,12372.99,
Sant&oacute;polis do Aguape&iacute;,3548401,santopolitano,HAROLDO ALVES PIO,128.026,4817,33.44,98.6,0.740,16.95,17610.05984,14498.99071,14856.83,
Santos,3548500,santista,PAULO ALEXANDRE PEREIRA BARBOSA,281.033,433656,1494.26,98.2,0.840,9.02,2639959.07834,2489780.313,51915.03,
S&atilde;o Bento do Sapuca&iacute;,3548609,s&atilde;o-bentista,ANA CATARINA MARTINS BONASSI,252.579,10893,41.37,98.5,0.720,8.20,33856.89703,29643.38366,18725.82,
S&atilde;o Bernardo do Campo,3548708,s&atilde;o-bernardense,ORLANDO MORANDO JUNIOR,409.532,844483,1869.36,97.6,0.805,9.29,3962694.35675,3574828.53686,60689.23,
S&atilde;o Caetano do Sul,3548807,sul-caetanense,JOSE AURICCHIO JUNIOR,15.331,161957,9736.03,97.4,0.862,6.54,1332807.60882,1158170.91112,83860.42,
S&atilde;o Carlos,3548906,s&atilde;o-carlense,AIRTON GARCIA FERREIRA,1136.907,254484,195.15,97.9,0.805,7.74,788156.06987,719036.29493,44796.83,
S&atilde;o Francisco,3549003,s&atilde;o-francisquense,SEBASTI&Atilde;O DE OLIVEIRA BAPTISTA,75.579,2817,36.94,100,0.723,51.28,16083.89271,14377.34253,16925.04,
S&atilde;o Jo&atilde;o da Boa Vista,3549102,s&atilde;o-joanense,MARIA TERESINHA DE JESUS PEDROZA,516.399,91771,161.96,97.2,0.797,15.97,343289.08186,313947.32844,34522.54,
S&atilde;o Jo&atilde;o das Duas Pontes,3549201,s&atilde;o-joanense,JOSE CARLOS CEZARE,129.462,2561,19.84,99.4,0.720,33.33,16496.92245,13687.6726,17241.57,
S&atilde;o Jo&atilde;o de Iracema,3549250,iracemense,VALDIR CANDIDO RIBEIRO,178.396,1932,9.97,98.1,0.748,153.85,17549.35515,14818.82878,17697.63,
S&atilde;o Jo&atilde;o do Pau d'Alho,3549300,s&atilde;o-joanense,FERNANDO BARBERINO,117.665,2100,17.86,99.2,0.750,43.48,14784.83723,12264.72769,21896.43,
S&atilde;o Joaquim da Barra,3549409,joaquinense,WAGNER JOS&Eacute; SCHMIDT,410.863,52319,113.28,96.7,0.762,8.53,127850.56901,117250.73056,33011.12,
S&atilde;o Jos&eacute; da Bela Vista,3549508,bela-vistense,WALTER CASSIO CARVALHO FACCIROLLI,276.952,8960,30.35,97.9,0.693,21.28,29300.64157,26923.64328,18219.25,
S&atilde;o Jos&eacute; do Barreiro,3549607,barreirense,ALEXANDRE DE SIQUEIRA BRAGA,570.685,4144,7.14,95.5,0.684,24.39,20799.15331,17636.31202,12761.63,
S&atilde;o Jos&eacute; do Rio Pardo,3549706,rio-pardense,MARCIO CALLEGARI ZANETTI,419.684,55124,123.81,97.6,0.774,5.67,179275.76725,162631.64764,33227.23,
S&atilde;o Jos&eacute; do Rio Preto,3549805,rio-pretense,EDSON EDINHO COELHO ARA&Uacute;JO,431.944,464983,945.12,98,0.797,8.42,1635000.40112,1485089.01712,38449.70,
S&atilde;o Jos&eacute; dos Campos,3549904,joseense,FELICIO RAMUTH,1099.409,729737,572.96,97.4,0.807,9.34,2855786.77665,2439456.95088,55603.18,
S&atilde;o Louren&ccedil;o da Serra,3549953,s&atilde;o-lourensano,ARY ANTONIO DESPEZZIO CINTRA,186.456,15978,74.99,97.2,0.728,4.95,40826.834,37170.15235,13319.90,
S&atilde;o Luiz do Paraitinga,3550001,luizense,ANA LUCIA BILARD SICHERLE,617.315,10690,16.84,100,0.697,8.26,35566.58113,32330.16485,15394.97,
S&atilde;o Manuel,3550100,s&atilde;o-manuelense,RICARDO SALARO NETO,650.734,41123,58.92,97.3,0.744,9.54,130714.72011,114240.6622,29556.56,
S&atilde;o Miguel Arcanjo,3550209,s&atilde;o-miguelense,PAULO RICARDO DA SILVA,930.339,33002,33.80,95.9,0.710,14.22,80296.68934,73105.70149,20727.11,
S&atilde;o Paulo,3550308,paulistano,BRUNO COVAS LOPES,1521.110,12325232,7398.26,96,0.805,11.19,54010996.75963,51414029.07708,58691.90,
S&atilde;o Pedro,3550407,s&atilde;o-pedrense,THIAGO SILVERIO DA SILVA,611.278,35980,51.98,94.8,0.755,4.68,137416.58565,108858.13408,21316.77,
S&atilde;o Pedro do Turvo,3550506,s&atilde;o-pedrense,MARCO AURELIO OLIVEIRA PINHEIRO,731.221,7696,9.84,97.4,0.703,23.26,29831.91661,25893.61321,23834.77,
S&atilde;o Roque,3550605,s&atilde;o-roquense,MARCOS AUGUSTO ISSA HENRIQUES DE ARAUJO,306.908,92060,256.82,97.6,0.768,13.65,269798.97123,238471.89096,33039.26,
S&atilde;o Sebasti&atilde;o,3550704,sebastianense,FELIPE AUGUSTO,402.395,90328,185.00,98.2,0.772,7.75,683723.61133,641593.19352,43173.65,
S&atilde;o Sebasti&atilde;o da Grama,3550803,gramense,JOSE FRANCISCO MARTHA,252.410,12159,47.94,98.3,0.701,19.05,33598.02654,30368.08808,23386.39,
S&atilde;o Sim&atilde;o,3550902,simonense,MARCOS DANIEL BONAGAMBA,617.252,15385,23.24,99.8,0.766,15.04,54307.19042,48866.35085,29049.13,
S&atilde;o Vicente,3551009,vicentino,KAYO FELYPE NACHTAJLER AMADO,148.100,368355,2247.88,96.7,0.768,16.10,957785.42282,895721.04015,15006.76,
Sarapu&iacute;,3551108,sarapuiano,GUSTAVO DE SOUZA BARROS VIEIRA,352.592,10390,25.60,99,0.707,8.47,28419.51452,26393.32905,14289.18,
Sarutai&aacute;,3551207,sarutaiano,ISNAR FRESCHI SOARES,141.608,3630,25.58,98.7,0.688,17.24,15520.29483,13116.47751,16875.42,
Sebastian&oacute;polis do Sul,3551306,sebastianopolense,MANOEL ERANI LEITE MAGALHAES,167.848,3554,18.03,99,0.773,48.78,24045.80127,18813.18047,71224.85,
Serra Azul,3551405,serra-azulense,AUGUSTO FRASSETTO NETO,283.144,14981,39.75,96.9,0.686,7.41,30237.27602,26323.56501,10758.97,
Serrana,3551504,serranense,LEONARDO CARESSATO CAPITELI,126.046,45644,308.44,97.5,0.729,7.85,124393.86169,124130.69363,20663.93,
Serra Negra,3551603,serrano,ELMIR KALIL ABI CHEDID,203.734,29452,129.52,97.8,0.767,12.31,102223.79222,93091.80207,24910.92,
Sert&atilde;ozinho,3551702,sertanezino,WILSON FERNANDES PIRES FILHO,403.089,127142,273.22,98.5,0.761,15.19,519898.95916,436472.44101,44163.83,
Sete Barras,3551801,barrense,DEAN ALVES MARTINS,1062.699,12780,12.24,96.1,0.673,4.95,40085.21132,36698.15678,28760.76,
Sever&iacute;nia,3551900,severinense,GL&Aacute;UCIA EMILIA SCATOLIN,140.460,17661,110.38,96,0.715,16.22,56762.33992,53372.90145,13372.83,
Silveiras,3552007,silveirense,GUILHERME CARVALHO DA SILVA,414.782,6339,13.96,98.2,0.678,14.29,24259.16692,21420.88003,11685.72,
Socorro,3552106,socorrense,JOSU&Eacute; RICARDO LOPES,449.029,41352,81.70,97.7,0.729,12.08,103733.51939,94753.96146,21180.14,
Sorocaba,3552205,sorocabano,RODRIGO MAGANHATO,450.382,687357,1304.18,98.1,0.798,9.71,2904617.70346,2411150.68528,52169.13,
Sud Mennucci,3552304,sud-mennucciano,JOS&Eacute; URBINO DOS SANTOS NETO,594.744,7728,12.57,98.3,0.747,9.43,36969.41725,34834.06856,21694.14,
Sumar&eacute;,3552403,sumareense,LUIZ ALFREDO CASTRO RUZZA DALBEN,153.465,286211,1572.04,97.7,0.762,8.88,697378.01979,594154.62105,51832.02,
Suzano,3552502,suzanense,RODRIGO KENJI DE SOUZA ASHIUCHI,206.236,300559,1272.93,96.7,0.765,10.75,754545.29123,600568.75131,37835.81,
Suzan&aacute;polis,3552551,suzanapolense,JOSE LUIZ GAVA,330.587,4014,10.24,99.8,0.699,27.03,27632.55855,23024.92817,64171.13,
Tabapu&atilde;,3552601,tabapu&atilde;nense,SILVIO CESAR SARTORELLO,345.792,12485,32.88,98.4,0.735,17.86,38949.30441,34205.20659,19073.08,
Tabatinga,3552700,tabatinguense,EDUARDO PONQUIO MARTINEZ,368.604,16644,39.74,96.5,0.704,14.15,42725.24708,36007.23217,15488.05,
Tabo&atilde;o da Serra,3552809,taboense,JOSE APRIGIO DA SILVA,20.388,293652,11994.31,96.9,0.769,13.30,799203.32595,687609.38547,29340.90,
Taciba,3552908,tacibense,ALAIR ANTONIO BATISTA,607.267,6329,9.41,99.3,0.723,12.35,40441.753,34172.34895,25011.83,
Tagua&iacute;,3553005,tagua&iacute;no,JAIR CARIOVALDO CARNIATO,145.332,14141,74.51,97.3,0.709,21.62,34774.55964,31443.80012,19998.06,
Taia&ccedil;u,3553104,taia&ccedil;uense,MAURICIO LOFRANO GERALDO,107.059,6320,55.27,97.8,0.710,37.04,23201.97518,18520.71058,15473.51,
Tai&uacute;va,3553203,taiuvense,LEANDRO JOS&Eacute; JESUS BAPTISTA,132.459,5564,41.12,97.8,0.760,34.48,20841.96812,19114.40334,20486.83,
Tamba&uacute;,3553302,tambauense,LEONARDO TEIXEIRA SPIGA REAL,561.788,23232,39.88,97.7,0.731,13.20,84782.78536,70033.54986,24209.88,
Tanabi,3553401,tanabiense,NORAIR CASSIANO DA SILVEIRA,747.218,26101,32.25,99,0.748,4.02,77937.68822,64887.93619,35899.14,
Tapira&iacute;,3553500,tapiraiense,ARALDO TODESCO,755.100,7766,10.61,98.3,0.681,33.71,29032.22377,22549.15523,18028.56,
Tapiratiba,3553609,tapiratibense,RAMON JESUS VIEIRA,221.891,12950,57.23,98.2,0.751,6.94,46243.60329,36382.66474,25093.84,
Taquaral,3553658,taquaralense,PAULO SERGIO CARDOSO DE OLIVEIRA,53.892,2813,50.58,98.2,0.759,31.25,15229.67138,13325.40252,13710.81,
Taquaritinga,3553708,taquaritinguense,VANDERLEI JOS&Eacute; M&Aacute;RSICO,594.335,57364,90.95,98.2,0.748,11.01,195729.86329,172500.13688,27561.71,
Taquarituba,3553807,taquaritubense,EDER MIANO PEREIRA,448.515,23256,49.71,97.8,0.701,17.36,79379.34748,67145.29949,29717.12,
Taquariva&iacute;,3553856,taquarivaiense,RUBENS CARLOS SOUTO DE BARROS,231.792,5911,22.22,99.4,0.679,10.53,24023.00551,21773.57811,37750.95,
Tarabai,3553906,taraba&iacute;no,JOSE ROQUE  DA SILVA LIRA,201.385,7540,32.78,99.2,0.726,10.42,22139.79281,21005.02729,15509.65,
Tarum&atilde;,3553955,tarumaense,OSCAR GOZZI,302.913,15183,42.50,99,0.753,14.35,68265.10796,52735.48111,52291.48,
Tatu&iacute;,3554003,tatuiano,MARIA JOSE PINTO VIEIRA DE CAMARGO,523.749,122967,205.03,97.6,0.752,12.99,335219.54724,294013.76822,33202.74,
Taubat&eacute;,3554102,taubateano,JOSE ANTONIO SAUD JUNIOR,625.003,317915,445.98,98.1,0.800,12.53,1150010.20818,1088507.18946,55369.58,
Tejup&aacute;,3554201,tejupaense,VALTER BORANELLI,296.189,4491,16.23,98.4,0.668,16.39,20384.66136,17024.99747,17508.61,
Teodoro Sampaio,3554300,teodorense,JANDIRA SAMPAIO CAVICHINI GUTIERREZ,1555.803,23273,13.74,97.1,0.741,14.08,73860.55533,65841.12864,19004.83,
Terra Roxa,3554409,terra-roxense,WALDYR M&Ocirc;NACO FILHO,221.541,9437,38.39,98.9,0.749,10.31,28597.7748,23725.92671,15136.01,
Tiet&ecirc;,3554508,tieteense,VLAMIR DE JESUS SANDEI,404.396,42517,91.09,97.1,0.778,9.42,146954.39967,133824.02054,43859.26,
Timburi,3554607,timburiense,SILVIO CESAR SAVOGIN POLO,196.790,2652,13.45,99.7,0.710,47.62,17816.13234,15640.12207,16512.98,
Torre de Pedra,3554656,torrepedrense,CIRO LUIZ PEDROSO,71.348,2422,31.59,98.4,0.714,40.00,13407.93487,11846.5287,12505.12,
Torrinha,3554706,torrinhense,RENE JOSE BLUMER,315.267,10056,29.59,96.4,0.744,19.42,27051.47801,22023.8828,20407.61,
Trabiju,3554755,trabijuense,MAURILIO TAVONI JUNIOR,63.421,1738,24.35,98.4,0.722,142.86,13199.32883,10945.36461,23765.75,
Trememb&eacute;,3554805,tremembeense,CLEMENTE ANTONIO DE LIMA NETO,191.094,47714,214.17,97.8,0.785,11.95,115438.78802,113714.91882,16194.84,
Tr&ecirc;s Fronteiras,3554904,trifonteirano,RUBENS JOSE BEL&Atilde;O,151.594,5832,35.90,98.8,0.753,12.50,20281.16732,17199.62123,18493.07,
Tuiuti,3554953,tuiutiense,ANDERSON SANTOS CORREIA,126.731,6977,46.80,97.3,0.728,18.87,21049.98575,18149.40958,20003.02,
Tup&atilde;,3555000,tup&atilde;ense,CAIO KANJI PARDO AOQUI,627.986,65570,100.99,97.3,0.771,15.03,158108.32831,145306.54681,27412.94,
Tupi Paulista,3555109,tupinense-paulista,ALEXANDRE TASSONI ANTONIO,244.770,15583,58.16,99.4,0.769,18.18,45866.82798,38950.97427,17786.01,
Turi&uacute;ba,3555208,turiubano,RUBENS FERNANDO DE SOUZA,153.235,2020,12.60,100,0.751,71.43,17138.43291,15593.11808,20889.90,
Turmalina,3555307,turmalinense,ALEXANDRO RIBEIRO PEREIRA,147.797,1696,13.37,97.1,0.736,90.91,16654.98595,14567.55513,31849.80,
Ubarana,3555356,ubaranense,GOMIDES FERRAZ NETO,209.861,6400,25.23,99.7,0.700,10.87,27007.48148,24170.93582,50883.11,
Ubatuba,3555406,ubatubano,FLAVIA C&Ocirc;MITTE DO NASCIMENTO,708.105,91824,108.87,97.7,0.751,14.15,315083.35965,298156.69047,23826.80,
Ubirajara,3555505,ubirajarense,ADRIANA BOCARDI ALLEGRETTI,282.179,4804,15.68,98.9,0.727,11.63,20437.85761,16562.92581,19662.00,
Uchoa,3555604,uchoense,VALDEMIR ANTONIO PINHEIRO DE CARVALHO,252.434,10151,37.51,98.2,0.721,10.64,41443.11356,36901.01191,22187.55,
Uni&atilde;o Paulista,3555703,uni&atilde;o-paulistense,KENDREA ALVES PAPILE CAVAT&Atilde;O,79.056,1865,20.21,96.8,0.749,90.91,14795.32857,12195.37474,24943.12,
Ur&acirc;nia,3555802,uraniense,MARCIO ARJOL DOMINGUES,209.262,9120,42.29,100,0.746,10.53,25938.31201,22282.44791,23635.22,
Uru,3555901,uruense,ROBSON EDUARDO FORTE,146.901,1153,8.51,95.1,0.712,90.91,15080.53182,12808.9538,35143.93,
Urup&ecirc;s,3556008,urupeense,ALCEMIR C&Aacute;SSIO GR&Eacute;GGIO,323.916,13888,39.27,99.1,0.745,6.90,42321.88297,38027.05381,28591.76,
Valentim Gentil,3556107,valentim-gentilense,ADILSON JESUS PEREZ SEGURA,149.741,13532,73.72,98.8,0.735,10.93,41491.25856,33597.52379,24770.24,
Valinhos,3556206,valinhense,LUCIMARA GODOY VILAS BOAS,148.538,131210,718.70,97.2,0.819,7.18,551223.33114,465006.77039,48768.26,
Valpara&iacute;so,3556305,valparaisense,CARLOS ALEXANDRE PEREIRA,857.661,26822,26.33,98,0.725,15.53,81981.0777,76313.53161,33427.00,
Vargem,3556354,vargense,SILAS MARQUES DA ROSA,142.595,10692,61.71,98.1,0.699,17.54,23552.12652,21271.49876,12706.02,
Vargem Grande do Sul,3556404,vargem-grandense,AMARILDO DUZI MORAES,267.178,43110,146.94,98.8,0.737,10.79,106003.73403,99271.63142,22882.07,
Vargem Grande Paulista,3556453,vargem-grandense,JOSUE SILVEIRA RAMOS,42.489,53468,1012.10,97.2,0.770,8.11,161893.61096,140518.41277,40282.68,
V&aacute;rzea Paulista,3556503,varzino,RODOLFO WILSON RODRIGUES BRAGA,35.120,123071,3049.14,96.9,0.759,15.17,278885.58835,235746.21113,23585.08,
Vera Cruz,3556602,vera-cruzense,RODOLFO SILVA DAVOLI,247.716,10823,43.41,99,0.754,9.01,29102.65535,25985.75064,13148.65,
Vinhedo,3556701,vinhedense,DARIO PACHECO DE MORAIS,81.604,80111,779.51,97.5,0.817,9.50,468512.38042,418356.27866,119996.43,
Viradouro,3556800,viradourense,ANTONIO CARLOS RIBEIRO DE SOUZA,217.726,19017,79.44,98.4,0.739,8.97,59293.68816,51606.34254,18419.26,
Vista Alegre do Alto,3556909,vista-alegrense,LUIS ANTONIO FIORANI,95.429,8989,72.50,100,0.744,12.20,37513.17079,31374.57874,40055.36,
Vit&oacute;ria Brasil,3556958,vitoriabrasiliense,PAULO HENRIQUE MIOTTO,49.832,1846,34.95,98.5,0.725,66.67,13498.08908,11197.87992,19590.64,
Votorantim,3557006,votorantinense,FABIOLA ALVES DA SILVA PEDRICO,183.517,123599,591.04,97.8,0.767,13.64,366924.73451,345414.68654,25495.29,
Votuporanga,3557105,votuporanguense,JORGE AUGUSTO SEBA,420.703,95338,201.15,98.8,0.790,8.61,303453.50469,272054.23556,31244.00,
Zacarias,3557154,zacariense,HEDER JEAN BRUNO DE OLIVEIRA,319.056,2752,7.32,98.6,0.729,32.26,24744.74691,18714.16876,32979.59,
Chavantes,3557204,chavantense,MARCIO BURGUINHA DE JESUS DO REGO,188.727,12418,64.40,98.6,0.729,5.29,38538.01922,34343.23006,16706.08,
Estiva Gerbi,3557303,estivense,CLAUDIA BOTELHO DE OLIVEIRA DIEGUES,74.144,11407,135.35,98.6,0.740,7.87,40727.84327,35422.87636,29883.47,

<table class="fontes-container"><tr><th>Notas:</th></tr><tr><td>Escolariza&ccedil;&atilde;o <span>6 a 14 anos</span>: [popula&ccedil;&atilde;o residente no munic&iacute;pio de 6 a 14 anos de idade matriculada no ensino regular/total de popula&ccedil;&atilde;o residente no munic&iacute;pio de 6 a 14 anos de idade] x 100</td></tr><tr><td>Populao estimada: Para 'dvidas e contestaes' <a href='https://www.ibge.gov.br/estatisticas/sociais/populacao/9103-estimativas-de-populacao.html'>clique aqui</a></td></tr><tr><th>Fontes:</th></tr><tr><td>rea Territorial: &Aacute;rea territorial brasileira. Rio de Janeiro: IBGE, 2018</td></tr><tr><td>Populao estimada: IBGE, Diretoria de Pesquisas, Coordena&ccedil;&atilde;o de Popula&ccedil;&atilde;o e Indicadores Sociais, Estimativas da popula&ccedil;&atilde;o residente com data de refer&ecirc;ncia 1o de julho de 2019</td></tr><tr><td>Densidade demogr&aacute;fica: IBGE, Censo Demogr&aacute;fico 2010, &Aacute;rea territorial brasileira. Rio de Janeiro: IBGE, 2011</td></tr><tr><td>Escolariza&ccedil;&atilde;o <span>6 a 14 anos</span>: IBGE, Censo Demogr&aacute;fico 2010</td></tr><tr><td>IDHM <span>&Iacute;ndice de desenvolvimento humano municipal</span>: Programa das Na&ccedil;&otilde;es Unidas para o Desenvolvimento - PNUD</td></tr><tr><td>Mortalidade infantil: Minist&eacute;rio da Sa&uacute;de, Departamento de Inform&aacute;tica do Sistema &Uacute;nico de Sa&uacute;de - DATASUS 2017</td></tr><tr><td>Receitas realizadas: Contas anuais. Receitas or&ccedil;ament&aacute;rias realizadas (Anexo I-C) 2017 e Despesas or&ccedil;ament&aacute;rias empenhadas (Anexo I-D) 2017. In: Brasil. Secretaria do Tesouro Nacional, Siconfi: Sistema de Informa&ccedil;&otilde;es Cont&aacute;beis e Fiscais do Setor P&uacute;blico Brasileiro. Bras&iacute;lia, DF, [2018]. Dispon&iacute;vel em: https://siconfi.tesouro.gov.br/siconfi/pages/public/consulta_finbra/finbra_list.jsf. Acesso em: set. 2018</td></tr><tr><td>Despesas empenhadas: Contas anuais. Receitas or&ccedil;ament&aacute;rias realizadas (Anexo I-C) 2017 e Despesas or&ccedil;ament&aacute;rias empenhadas (Anexo I-D) 2017. In: Brasil. Secretaria do Tesouro Nacional, Siconfi: Sistema de Informa&ccedil;&otilde;es Cont&aacute;beis e Fiscais do Setor P&uacute;blico Brasileiro. Bras&iacute;lia, DF, [2018]. Dispon&iacute;vel em: https://siconfi.tesouro.gov.br/siconfi/pages/public/consulta_finbra/finbra_list.jsf. Acesso em: set. 2018</td></tr><tr><td>PIB per capita: IBGE, em parceria com os &Oacute;rg&atilde;os Estaduais de Estat&iacute;stica, Secretarias Estaduais de Governo e Superintend&ecirc;ncia da Zona Franca de Manaus - SUFRAMA</td></tr></table>